VarName,Age,centile_2.5,centile_50,centile_97.5
male_AF_left,0.1,9694.553005137424,15650.579502149956,19740.214611637617
male_AF_left,0.18998998998999,10740.698956040222,17344.043978878835,21877.84756473128
male_AF_left,0.27997997997998,11583.503859781928,18709.967664535463,23602.611372566706
male_AF_left,0.36996996996997,12297.05349705836,19867.78712036244,25065.09315544717
male_AF_left,0.45995995995996,12919.194122654524,20878.499570620028,26342.19316727511
male_AF_left,0.54994994994995,13472.339515435317,21778.22019262121,27479.43907552646
male_AF_left,0.63993993993994,13971.060435303278,22590.420795715723,28506.417870259025
male_AF_left,0.72992992992993,14425.460837387116,23331.37362619529,29443.63979741134
male_AF_left,0.81991991991992,14842.888174516744,24012.90873561757,30306.01492768396
male_AF_left,0.90990990990991,15228.883934329506,24643.946269249824,31104.78504576493
male_AF_left,0.9998998998999,15587.750135316996,25231.40956554948,31848.6748362633
male_AF_left,1.08988988988989,15922.905920515832,25780.799860843967,32544.61641613318
male_AF_left,1.1798798798798802,16237.122134333404,26296.574301801065,33198.22588081029
male_AF_left,1.26986986986987,16532.68133767299,26782.40377460801,33814.128329119325
male_AF_left,1.35985985985986,16811.490335702405,27241.35419787709,34396.18639744972
male_AF_left,1.44984984984985,17075.161388705525,27676.017346008157,34947.66516764727
male_AF_left,1.53983983983984,17325.072145506707,28088.60738546674,35471.353850737505
male_AF_left,1.6298298298298302,17562.410743135006,28481.03350963812,35969.65733997965
male_AF_left,1.71981981981982,17788.21032946979,28854.95553260992,36444.66628211404
male_AF_left,1.80980980980981,18003.37589286683,29211.827089523205,36898.211525970335
male_AF_left,1.8997997997998,18208.705396841357,29552.92966320824,37331.90700737097
male_AF_left,1.98978978978979,18404.906631907656,29879.39971240656,37747.18393862772
male_AF_left,2.07977977977978,18592.61080049691,30192.250538403798,38145.31836600728
male_AF_left,2.16976976976977,18772.3835776881,30492.390086658856,38527.45360354672
male_AF_left,2.2597597597597603,18944.734198729016,30780.635571017723,38894.61866206277
male_AF_left,2.34974974974975,19110.1229875302,31057.72558768522,39247.74351433909
male_AF_left,2.43973973973974,19268.967641284027,31324.33022656999,39587.671836336245
male_AF_left,2.52972972972973,19421.648513692733,31581.05957054259,39915.17171668633
male_AF_left,2.61971971971972,19568.51308529989,31828.470886170504,40230.94471709592
male_AF_left,2.7097097097097103,19709.87976885105,32067.074744141373,40535.633583901785
male_AF_left,2.7996996996997,19846.04116679241,32297.34025794651,40829.82884845321
male_AF_left,2.88968968968969,19977.266874383586,32519.69959133161,41114.07450601368
male_AF_left,2.97967967967968,20103.805903608107,32734.55185555953,41388.87292573885
male_AF_left,3.06966966966967,20225.888788781274,32942.26649452611,41654.68911529277
male_AF_left,3.15965965965966,20343.729423518165,33143.186237674,41911.95444085526
male_AF_left,3.24964964964965,20457.526669814702,33337.629686302214,42161.06988519055
male_AF_left,3.33963963963964,20567.46577287848,33525.89358741013,42402.4089120042
male_AF_left,3.42962962962963,20673.71960962912,33708.25484001072,42636.319993215264
male_AF_left,3.51961961961962,20776.449794163967,33884.97227140199,42863.12884638658
male_AF_left,3.60960960960961,20875.807659721668,34056.28821482863,43083.14042192201
male_AF_left,3.6995995995996,20971.93513359885,34222.42991501077,43296.64067339503
male_AF_left,3.78958958958959,21064.965518944296,34383.61078394338,43503.89813923926
male_AF_left,3.87957957957958,21155.0241952624,34540.031526001905,43705.16535978706
male_AF_left,3.96956956956957,21242.22924772085,34691.88114859348,43900.6801501187
male_AF_left,4.05955955955956,21326.6920339074,34839.33787226017,44090.666746244526
male_AF_left,4.149549549549549,21408.517695467024,34982.56995218715,44275.33683968039
male_AF_left,4.23953953953954,21487.80562102887,35121.73642142446,44454.89051340538
male_AF_left,4.3295295295295295,21564.6498659688,35256.98776474125,44629.51709043889
male_AF_left,4.41951951951952,21639.13953382384,35388.466530858066,44799.39590479585
male_AF_left,4.50950950950951,21711.359123549577,35516.3078897961,44964.69700331041
male_AF_left,4.599499499499499,21781.38884628394,35640.64014123411,45125.58178574968
male_AF_left,4.68948948948949,21849.304914821863,35761.585179024965,45282.20358970805
male_AF_left,4.77947947947948,21915.17980861761,35879.25891640044,45434.70822598732
male_AF_left,4.86946946946947,21979.08251679231,35993.77167584699,45583.23446948017
male_AF_left,4.95945945945946,22041.078761334466,36105.22854716909,45727.91450998696
male_AF_left,5.049449449449449,22101.231202427614,36213.72971684938,45868.874366882585
male_AF_left,5.13943943943944,22159.59962762092,36319.37077146272,46006.234271106834
male_AF_left,5.2294294294294295,22216.24112636639,36422.24297759345,46140.10901756319
male_AF_left,5.31941941941942,22271.21025128004,36522.4335404366,46270.60829067352
male_AF_left,5.40940940940941,22324.55916733774,36620.02584302882,46397.83696553927
male_AF_left,5.499399399399399,22376.33779008872,36715.09966784907,46521.895386901175
male_AF_left,5.58938938938939,22426.593913855464,36807.731402345504,46642.87962785774
male_AF_left,5.679379379379379,22475.373330791143,36897.99422978793,46760.88173010537
male_AF_left,5.76936936936937,22522.719941576062,36985.95830670153,46875.98992728138
male_AF_left,5.85935935935936,22568.675858457584,37071.69092801316,46988.28885283523
male_AF_left,5.949349349349349,22613.281501269223,37155.256680931554,47097.85973371388
male_AF_left,6.03933933933934,22656.57568700256,37236.71758848237,47204.780571021474
male_AF_left,6.129329329329329,22698.59571345177,37316.13324353341,47309.126308705374
male_AF_left,6.21931931931932,22739.377437400846,37393.5609340644,47410.96899121834
male_AF_left,6.3093093093093096,22778.95534778109,37469.0557603683,47510.37791102248
male_AF_left,6.399299299299299,22817.36263418774,37542.670744808194,47607.41974672044
male_AF_left,6.48928928928929,22854.631251107967,37614.45693469572,47702.15869252685
male_AF_left,6.579279279279279,22890.79197818284,37684.46349880842,47794.6565797315
male_AF_left,6.66926926926927,22925.874476797664,37752.7378180192,47884.97299075
male_AF_left,6.75925925925926,22959.90734326861,37819.32557046742,47973.16536630315
male_AF_left,6.849249249249249,22992.91815887075,37884.27081166561,48059.28910622061
male_AF_left,6.93923923923924,23024.93353693456,37947.6160499057,48143.39766432771
male_AF_left,7.029229229229229,23055.97916721425,38009.402317291584,48225.5426378264
male_AF_left,7.11921921921922,23086.07985772044,38069.66923670674,48305.77385155941
male_AF_left,7.2092092092092095,23115.25957418876,38128.45508499227,48384.13943750424
male_AF_left,7.299199199199199,23143.541477346127,38185.79685259496,48460.68590982377
male_AF_left,7.38918918918919,23170.94795812157,38241.73029992097,48535.45823577022
male_AF_left,7.479179179179179,23197.500670937763,38296.29001061365,48608.49990271769
male_AF_left,7.56916916916917,23223.220565208583,38349.50944195643,48679.85298157603
male_AF_left,7.659159159159159,23248.127915158977,38401.420972587504,48749.55818682125
male_AF_left,7.74914914914915,23272.24234807466,38452.0559476986,48817.65493335944
male_AF_left,7.83913913913914,23295.582871079376,38501.44472187458,48884.18139042155
male_AF_left,7.929129129129129,23318.167896533865,38549.61669972516,48949.17453267927
male_AF_left,8.01911911911912,23340.015266139868,38596.60037444199,49012.67018875006
male_AF_left,8.10910910910911,23361.142273829675,38642.42336441048,49074.70308725403
male_AF_left,8.199099099099099,23381.56568751293,38687.11244799131,49135.30690056739
male_AF_left,8.289089089089089,23401.30176975176,38730.693596585406,49194.51428641577
male_AF_left,8.37907907907908,23420.36629742437,38773.19200607913,49252.35692742906
male_AF_left,8.46906906906907,23438.77458043924,38814.63212676903,49308.86556878312
male_AF_left,8.55905905905906,23456.54147955266,38855.03769185077,49364.07005403444
male_AF_left,8.649049049049049,23473.681423343285,38894.43174455837,49417.99935925661
male_AF_left,8.73903903903904,23490.20842438929,38932.83666402679,49470.68162557018
male_AF_left,8.82902902902903,23506.136094694622,38970.27418995224,49522.1441901599
male_AF_left,8.91901901901902,23521.47766040568,39006.76544611672,49572.41361586262
male_AF_left,9.00900900900901,23536.245975857262,39042.3309628388,49621.51571940427
male_AF_left,9.098998998999,23550.453536984543,39076.99069840969,49669.47559836004
male_AF_left,9.18898898898899,23564.11249413567,39110.76405957003,49716.3176569076
male_AF_left,9.27897897897898,23577.23466431642,39143.66992107766,49762.0656304366
male_AF_left,9.36896896896897,23589.83154289812,39175.726644416434,49806.7426090775
male_AF_left,9.45895895895896,23601.914314815764,39206.9520956894,49850.371060204125
male_AF_left,9.548948948948947,23613.493865283926,39237.363662740216,49892.97284996541
male_AF_left,9.63893893893894,23624.58079005432,39266.97827154127,49934.56926389442
male_AF_left,9.72892892892893,23635.18540524022,39295.81240188889,49975.18102664569
male_AF_left,9.81891891891892,23645.317756727138,39323.88210243652,50014.82832089989
male_AF_left,9.90890890890891,23654.987629193227,39351.203005103656,50053.53080548285
male_AF_left,9.9988988988989,23664.204554756347,39377.79033888759,50091.307632733486
male_AF_left,10.08888888888889,23672.977821268745,39403.658943111484,50128.17746516277
male_AF_left,10.17887887887888,23681.316480274265,39428.823280132696,50164.15849143352
male_AF_left,10.26886886886887,23689.2293546458,39453.29744753976,50199.26844169691
male_AF_left,10.35885885885886,23696.72504591838,39477.09518986255,50233.5246023169
male_AF_left,10.448848848848847,23703.811941331773,39500.22990981792,50266.943830010045
male_AF_left,10.53883883883884,23710.4982205968,39522.71467911374,50299.54256543003
male_AF_left,10.62882882882883,23716.791862398004,39544.5622488311,50331.33684622134
male_AF_left,10.71881881881882,23722.70065064584,39565.78505940627,50362.34231956992
male_AF_left,10.80880880880881,23728.23218048804,39586.39525022751,50392.57425426896
male_AF_left,10.8987987987988,23733.393864093898,39606.40466886892,50422.04755232836
male_AF_left,10.98878878878879,23738.192936219184,39625.82487997368,50450.77676014328
male_AF_left,11.07877877877878,23742.63645956297,39644.66717380449,50478.776079243886
male_AF_left,11.16876876876877,23746.7313299258,39662.94257447664,50506.05937664618
male_AF_left,11.25875875875876,23750.484281177305,39680.66184788654,50532.64019481966
male_AF_left,11.348748748748749,23753.901890041856,39697.83550934925,50558.531761288985
male_AF_left,11.43873873873874,23756.99058071062,39714.47383095882,50583.74699788715
male_AF_left,11.52872872872873,23759.75662928744,39730.58684868297,50608.29852967446
male_AF_left,11.61871871871872,23762.20616807475,39746.18436920209,50632.198693535945
male_AF_left,11.70870870870871,23764.345189708038,39761.27597650642,50655.459546474725
male_AF_left,11.7986986986987,23766.179551143807,39775.871038258985,50678.0928736108
male_AF_left,11.88868868868869,23767.71497750824,39789.97871193609,50700.11019590003
male_AF_left,11.97867867867868,23768.957065811155,39803.607950752616,50721.52277758248
male_AF_left,12.06866866866867,23769.91128853273,39816.76750938395,50742.34163337523
male_AF_left,12.15865865865866,23770.582997086178,39829.46594948993,50762.57753541596
male_AF_left,12.248648648648649,23770.97742516272,39841.71164505062,50782.24101997004
male_AF_left,12.33863863863864,23771.09969196364,39853.51278752187,50801.34239391107
male_AF_left,12.42862862862863,23770.954805323265,39864.87739081649,50819.89174098199
male_AF_left,12.51861861861862,23770.54766472788,39875.81329611955,50837.89892784769
male_AF_left,12.608608608608607,23769.88306423412,39886.32817654264,50855.37360994516
male_AF_left,12.6985985985986,23768.965695291827,39896.42954162618,50872.32523714255
male_AF_left,12.78858858858859,23767.80014947392,39906.12474169269,50888.76305921079
male_AF_left,12.87857857857858,23766.39092111761,39915.420972058855,50904.69613111774
male_AF_left,12.96856856856857,23764.7424098802,39924.3252771111,50920.133318150656
male_AF_left,13.05855855855856,23762.858923213254,39932.84455425084,50935.083300874896
male_AF_left,13.148548548548549,23760.744678757044,39940.9855577124,50949.55457993237
male_AF_left,13.23853853853854,23758.4038066597,39948.75490226082,50963.55548068919
male_AF_left,13.32852852852853,23755.840351822917,39956.15906677244,50977.094157735664
male_AF_left,13.41851851851852,23753.058276077507,39963.20439770333,50990.17859924565
male_AF_left,13.508508508508507,23750.06146029109,39969.897112449566,51002.81663119951
male_AF_left,13.5984984984985,23746.85370641092,39976.24330260395,51015.01592147728
male_AF_left,13.68848848848849,23743.43873944337,39982.24893711156,51026.78398382432
male_AF_left,13.77847847847848,23739.820209373356,39987.9198653295,51038.1281816968
male_AF_left,13.86846846846847,23736.00169302521,39993.26181999327,51049.0557319895
male_AF_left,13.95845845845846,23731.98669586741,39998.28042009333,51059.57370865104
male_AF_left,14.048448448448449,23727.7786537633,40002.981173665765,51069.68904619083
male_AF_left,14.13843843843844,23723.380934669072,40007.36948049856,51079.40854308008
male_AF_left,14.22842842842843,23718.796840282062,40011.45063475877,51088.738865053456
male_AF_left,14.31841841841842,23714.029607639863,40015.22982754104,51097.686548311554
male_AF_left,14.408408408408407,23709.082410672545,40018.71214934151,51106.25800262998
male_AF_left,14.4983983983984,23703.95836170997,40021.90259245991,51114.459514377806
male_AF_left,14.58838838838839,23698.6605129452,40024.80605333167,51122.29724944832
male_AF_left,14.67837837837838,23693.19185785524,40027.42733479202,51129.777256104135
male_AF_left,14.76836836836837,23687.55533258212,40029.77114827677,51136.9054677427
male_AF_left,14.85835835835836,23681.753817273308,40031.84211595816,51143.6877055803
male_AF_left,14.94834834834835,23675.79013738501,40033.6447728217,51150.1296812618
male_AF_left,15.03833833833834,23669.66706494846,40035.1835686837,51156.23699939586
male_AF_left,15.12832832832833,23663.38731980033,40036.46287015194,51162.015160018665
male_AF_left,15.21831831831832,23656.953570779435,40037.48696253215,51167.46956098962
male_AF_left,15.308308308308307,23650.368436889497,40038.26005168079,51172.60550031937
male_AF_left,15.3982982982983,23643.634488430605,40038.78626580758,51177.42817843491
male_AF_left,15.48828828828829,23636.754248098616,40039.069657227104,51181.94270038043
male_AF_left,15.57827827827828,23629.730192055675,40039.11420406425,51186.1540779604
male_AF_left,15.66826826826827,23622.564750970552,40038.923811911605,51190.067231822
male_AF_left,15.75825825825826,23615.26031103153,40038.50231544303,51193.68699348268
male_AF_left,15.84824824824825,23607.819214931817,40037.85347998343,51197.01810730263
male_AF_left,15.93823823823824,23600.243762828723,40036.98100303672,51200.06523240451
male_AF_left,16.02822822822823,23592.53621327669,40035.88851577207,51202.83294454114
male_AF_left,16.11821821821822,23584.698784136814,40034.579584472725,51205.32573791576
male_AF_left,16.208208208208212,23576.73365346112,40033.05771194457,51207.54802695185
male_AF_left,16.2981981981982,23568.642960354297,40031.32633888866,51209.504148017775
male_AF_left,16.38818818818819,23560.428805813044,40029.38884523825,51211.19836110671
male_AF_left,16.47817817817818,23552.09325354308,40027.248551459976,51212.63485147138
male_AF_left,16.56816816816817,23543.638330755657,40024.90871982267,51213.817731218434
male_AF_left,16.658158158158162,23535.06602894297,40022.37255563221,51214.75104085988
male_AF_left,16.74814814814815,23526.37830463429,40019.64320843594,51215.43875082632
male_AF_left,16.83813813813814,23517.577080132596,40016.723773195765,51215.88476294097
male_AF_left,16.92812812812813,23508.66424423219,40013.61729143119,51216.09291185571
male_AF_left,17.01811811811812,23499.641652918992,40010.32675233447,51216.06696645221
male_AF_left,17.108108108108112,23490.511130052306,40006.85509385645,51215.810631206215
male_AF_left,17.1980980980981,23481.27446803036,40003.205203766505,51215.32754751921
male_AF_left,17.28808808808809,23471.933428438813,39999.37992068524,51214.62129501597
male_AF_left,17.378078078078083,23462.489742683432,39995.38203509214,51213.6953928105
male_AF_left,17.46806806806807,23452.945112606936,39991.21429030776,51212.55330074009
male_AF_left,17.558058058058062,23443.30121109093,39986.87938345238,51211.19842056979
male_AF_left,17.64804804804805,23433.55968264305,39982.37996638101,51209.63409716701
male_AF_left,17.73803803803804,23423.722143969782,39977.71864659545,51207.86361964753
male_AF_left,17.828028028028033,23413.790184535465,39972.89798813461,51205.89022249403
male_AF_left,17.91801801801802,23403.765367107888,39967.920512443154,51203.717086647455
male_AF_left,18.008008008008012,23393.649228290757,39962.78869921956,51201.347340572414
male_AF_left,18.097997997998,23383.443279043127,39957.50498724306,51198.78406129621
male_AF_left,18.18798798798799,23373.14900518724,39952.07177518245,51196.03027542491
male_AF_left,18.277977977977983,23362.767867903367,39946.49142238389,51193.088960133166
male_AF_left,18.36796796796797,23352.30130421375,39940.766249641645,51189.963044132455
male_AF_left,18.45795795795796,23341.75072745494,39934.89853995006,51186.65540861592
male_AF_left,18.54794794794795,23331.117527738967,39928.89053923796,51183.16888818099
male_AF_left,18.63793793793794,23320.40307240391,39922.744457086,51179.50627173058
male_AF_left,18.727927927927933,23309.608706453862,39916.4624674273,51175.67030335332
male_AF_left,18.81791791791792,23298.735752989214,39910.04670923246,51171.6636831843
male_AF_left,18.907907907907912,23287.78551362635,39903.49928717792,51167.48906824453
male_AF_left,18.9978978978979,23276.75926890814,39896.82227229951,51163.14907326223
male_AF_left,19.08788788788789,23265.65827870532,39890.01770263149,51158.64627147557
male_AF_left,19.177877877877883,23254.48378260814,39883.087583830245,51153.9831954162
male_AF_left,19.26786786786787,23243.23700030957,39876.03388978433,51149.16233767576
male_AF_left,19.357857857857866,23231.91913198006,39868.858563211215,51144.18615165554
male_AF_left,19.44784784784785,23220.53135863312,39861.56351623938,51139.05705229777
male_AF_left,19.53783783783784,23209.074842483824,39854.15063097908,51133.77741680272
male_AF_left,19.627827827827836,23197.55072729848,39846.62176007909,51128.34958532812
male_AF_left,19.71781781781782,23185.960138736777,39838.97872727154,51122.77586167368
male_AF_left,19.80780780780781,23174.30418468665,39831.223327904976,51117.058513950746
male_AF_left,19.8977977977978,23162.583955591366,39823.3573294652,51111.199775236666
male_AF_left,19.98778778778779,23150.800524769977,39815.38247208549,51105.20184421586
male_AF_left,20.077777777777783,23138.95494873016,39807.300469044734,51099.06688580546
male_AF_left,20.16776776776777,23127.048267474856,39799.11300725558,51092.7970317688
male_AF_left,20.25775775775776,23115.08150480161,39790.82174774109,51086.39438131404
male_AF_left,20.34774774774775,23103.055668596546,39782.42832610285,51079.86100168246
male_AF_left,20.43773773773774,23090.971751120534,39773.93435297649,51073.19892872062
male_AF_left,20.527727727727733,23078.830729290465,39765.3414144796,51066.41016744313
male_AF_left,20.61771771771772,23066.6335649542,39756.651072649576,51059.49669258263
male_AF_left,20.707707707707712,23054.38120515933,39747.86486587141,51052.46044912748
male_AF_left,20.7976976976977,23042.074582416622,39738.98430929725,51045.303352848576
male_AF_left,20.88768768768769,23029.7146149578,39730.01089525677,51038.02729081512
male_AF_left,20.977677677677683,23017.302206987937,39720.94609365916,51030.63412189953
male_AF_left,21.06766766766767,23004.83824893245,39711.79135238625,51023.125677271455
male_AF_left,21.157657657657666,22992.32361767918,39702.5480976781,51015.50376088207
male_AF_left,21.24764764764765,22979.759176815347,39693.21773451023,51007.7701499381
male_AF_left,21.33763763763764,22967.14577685928,39683.80164696255,50999.92659536535
male_AF_left,21.427627627627636,22954.484255487994,39674.301198581896,50991.974822264056
male_AF_left,21.51761761761762,22941.77543775957,39664.71773273591,50983.91653035357
male_AF_left,21.60760760760761,22929.020136331408,39655.052572960776,50975.75339440925
male_AF_left,21.6975975975976,22916.21915167329,39645.30702330029,50967.48706468845
male_AF_left,21.78758758758759,22903.373272277226,39635.4823686402,50959.11916735047
male_AF_left,21.877577577577583,22890.483274862112,39625.579875034,50950.651304866005
male_AF_left,21.96756756756757,22877.5499245746,39615.60079002273,50942.085056418895
male_AF_left,22.05755755755756,22864.573975186064,39605.54634294877,50933.42197830034
male_AF_left,22.14754754754755,22851.556169285363,39595.41774526266,50924.663604294365
male_AF_left,22.23753753753754,22838.497238467928,39585.21619082437,50915.8114460564
male_AF_left,22.327527527527533,22825.397903520923,39574.94285619798,50906.86699348345
male_AF_left,22.41751751751752,22812.258874605024,39564.5989009413,50897.83171507801
male_AF_left,22.507507507507512,22799.080851432303,39554.185467889074,50888.70705830387
male_AF_left,22.5974974974975,22785.86452344085,39543.70368343112,50879.49444993558
male_AF_left,22.68748748748749,22772.61056996553,39533.154657784224,50870.1952964
male_AF_left,22.777477477477483,22759.319660406287,39522.53948526021,50860.8109841132
male_AF_left,22.86746746746747,22745.992454391875,39511.8592445267,50851.34287980807
male_AF_left,22.957457457457465,22732.62960194177,39501.11499886492,50841.79233085811
male_AF_left,23.04744744744745,22719.231743624045,39490.30779642128,50832.16066559371
male_AF_left,23.13743743743744,22705.799510710345,39479.43867045401,50822.44919361187
male_AF_left,23.227427427427436,22692.333525328253,39468.50863957599,50812.659206081466
male_AF_left,23.31741741741742,22678.834400610103,39457.51870799167,50802.79197604075
male_AF_left,23.40740740740741,22665.30274083992,39446.4698657312,50792.84875869168
male_AF_left,23.4973973973974,22651.73914159628,39435.36308887791,50782.83079168559
male_AF_left,23.58738738738739,22638.14418989368,39424.199339793486,50772.73929540629
male_AF_left,23.677377377377383,22624.518464320303,39412.97956733748,50762.575473245735
male_AF_left,23.76736736736737,22610.86253517381,39401.70470708351,50752.340511875766
male_AF_left,23.85735735735736,22597.176964594342,39390.37568153124,50742.03558151437
male_AF_left,23.94734734734735,22583.46230669485,39378.99340031387,50731.66183618653
male_AF_left,24.03733733733734,22569.71910768929,39367.558760402426,50721.22041398077
male_AF_left,24.127327327327333,22555.94790601836,39356.07264630607,50710.71243730096
male_AF_left,24.21731731731732,22542.14923247267,39344.5359302683,50700.13901311274
male_AF_left,24.307307307307312,22528.323610313902,39332.94947245988,50689.50123318609
male_AF_left,24.3972972972973,22514.47155539373,39321.314121168485,50678.80017433349
male_AF_left,24.48728728728729,22500.5935762704,39309.63071298428,50668.03689864319
male_AF_left,24.577277277277283,22486.690174322976,39297.90007298201,50657.212453708
male_AF_left,24.66726726726727,22472.76184386427,39286.12301490089,50646.32787285128
male_AF_left,24.757257257257265,22458.809072250613,39274.30034131951,50635.38417534682
male_AF_left,24.84724724724725,22444.83233999073,39262.43284382936,50624.38236663683
male_AF_left,24.93723723723724,22430.832120851817,39250.521303203794,50613.3234385443
male_AF_left,25.027227227227232,22416.808881964032,39238.56648956453,50602.20836948213
male_AF_left,25.11721721721722,22402.76308392318,39226.56916254532,50591.03812465896
male_AF_left,25.20720720720721,22388.69518089144,39214.53007145244,50579.8136562807
male_AF_left,25.2971971971972,22374.605620696075,39202.44995542196,50568.53590374824
male_AF_left,25.38718718718719,22360.494844927107,39190.329543575455,50557.20579385308
male_AF_left,25.477177177177182,22346.36328903199,39178.16955517083,50545.82424096695
male_AF_left,25.56716716716717,22332.21138241027,39165.97069975324,50534.39214723135
male_AF_left,25.65715715715716,22318.03954850488,39153.73367730052,50522.91040274045
male_AF_left,25.74714714714715,22303.848204893035,39141.45917836812,50511.37988572308
male_AF_left,25.83713713713714,22289.63776337488,39129.14788423034,50499.801462720345
male_AF_left,25.92712712712713,22275.408630061065,39116.80046702,50488.17598876108
male_AF_left,26.01711711711712,22261.16120545816,39104.41758986444,50476.50430753277
male_AF_left,26.10710710710711,22246.89588455329,39091.999907020654,50464.787251551454
male_AF_left,26.1970970970971,22232.613056896727,39079.548064006674,50453.02564232672
male_AF_left,26.28708708708709,22218.313106683203,39067.06269773145,50441.220290525074
male_AF_left,26.37707707707708,22203.996412832294,39054.54443662287,50429.3719961307
male_AF_left,26.46706706706707,22189.663349066523,39041.99390075222,50417.481548602
male_AF_left,26.55705705705706,22175.314283988835,39029.41170195784,50405.54972702689
male_AF_left,26.64704704704705,22160.94958115843,39016.79844396591,50393.57730027474
male_AF_left,26.73703703703704,22146.569599165487,39004.15472250967,50381.56502714608
male_AF_left,26.827027027027032,22132.174691704506,38991.481125446335,50369.513656519644
male_AF_left,26.91701701701702,22117.76520764616,38978.77823287164,50357.423927496326
male_AF_left,27.00700700700701,22103.341491108487,38966.046617233405,50345.296569541824
male_AF_left,27.096996996997,22088.903881526203,38953.286843442,50333.13230262562
male_AF_left,27.18698698698699,22074.45271371974,38940.49946898056,50320.93183735942
male_AF_left,27.276976976976982,22059.98831796189,38927.685044011145,50308.69587513061
male_AF_left,27.36696696696697,22045.51102004448,38914.84411148108,50296.42510823593
male_AF_left,27.45695695695696,22031.02114134355,38901.97720722704,50284.12022001233
male_AF_left,27.54694694694695,22016.51899888281,38889.08486007612,50271.78188496391
male_AF_left,27.63693693693694,22002.004905397265,38876.16759194736,50259.41076888968
male_AF_left,27.72692692692693,21987.479169394646,38863.22591794982,50247.0075290067
male_AF_left,27.81691691691692,21972.942095216436,38850.260346479765,50234.57281407238
male_AF_left,27.90690690690691,21958.39398309788,38837.27137931653,50222.107264504855
male_AF_left,27.9968968968969,21943.835129226427,38824.259511715696,50209.61151250023
male_AF_left,28.08688688688689,21929.26582580029,38811.22523250255,50197.08618214994
male_AF_left,28.17687687687688,21914.686361084787,38798.169024161885,50184.53188955379
male_AF_left,28.26686686686687,21900.09701946879,38785.09136292823,50171.94924293323
male_AF_left,28.35685685685686,21885.4980815197,38771.992718873385,50159.3388427415
male_AF_left,28.44684684684685,21870.88982403751,38758.8735559928,50146.70128177218
male_AF_left,28.53683683683684,21856.272520108498,38745.73433229126,50134.03714526688
male_AF_left,28.626826826826832,21841.646439157397,38732.57549986607,50121.34701101992
male_AF_left,28.71681681681682,21827.011846999136,38719.39750498969,50108.631449482105
male_AF_left,28.80680680680681,21812.36900588965,38706.20078819077,50095.89102386264
male_AF_left,28.8967967967968,21797.718174575846,38692.98578433395,50083.12629022951
male_AF_left,28.98678678678679,21783.059608344716,38679.75292269824,50070.33779760794
male_AF_left,29.076776776776786,21768.39355907189,38666.50262705453,50057.52608807788
male_AF_left,29.16676676676677,21753.72027526903,38653.23531574115,50044.69169686905
male_AF_left,29.25675675675676,21739.040002130914,38639.95140173919,50031.83515245555
male_AF_left,29.346746746746756,21724.352981581465,38626.65129274589,50018.95697664818
male_AF_left,29.43673673673674,21709.659452319072,38613.33539124696,50006.057684685424
male_AF_left,29.52672672672673,21694.959649861437,38600.004094588265,49993.13778532351
male_AF_left,29.61671671671672,21680.253806589222,38586.65779504555,49980.19778092408
male_AF_left,29.70670670670671,21665.54215178972,38573.29687989396,49967.23816754164
male_AF_left,29.796696696696703,21650.82491169923,38559.92173147602,49954.25943500904
male_AF_left,29.88668668668669,21636.10230954488,38546.53272726811,49941.26206702101
male_AF_left,29.97667667667668,21621.374565586204,38533.13023994716,49928.24654121813
male_AF_left,30.06666666666667,21606.64189715555,38519.71463745492,49915.21332926749
male_AF_left,30.15665665665666,21591.904518698186,38506.2862830622,49902.16289694367
male_AF_left,30.246646646646653,21577.162641811487,38492.84553543141,49889.095704207226
male_AF_left,30.33663663663664,21562.41647528408,38479.392748679085,49876.01220528331
male_AF_left,30.426626626626632,21547.666225133635,38465.92827243622,49862.91284873771
male_AF_left,30.51661661661662,21532.912094644696,38452.45245190878,49849.79807755283
male_AF_left,30.60660660660661,21518.1542844056,38438.96562793663,49836.668329201726
male_AF_left,30.696596596596603,21503.392992344838,38425.468137051656,49823.52403572138
male_AF_left,30.78658658658659,21488.628413767183,38411.96031153551,49810.36562378518
male_AF_left,30.876576576576586,21473.86074138878,38398.442479475656,49797.193514773455
male_AF_left,30.96656656656657,21459.090165372007,38384.91496482104,49784.00812484354
male_AF_left,31.05655655655656,21444.316873359887,38371.3780874372,49770.80986499898
male_AF_left,31.146546546546556,21429.541050509622,38357.832163159736,49757.599141156905
male_AF_left,31.23653653653654,21414.762879526024,38344.27750384781,49744.3763542152
male_AF_left,31.32652652652653,21399.98254069409,38330.714417436255,49731.14190011816
male_AF_left,31.41651651651652,21385.200211911528,38317.14320798748,49717.89616992167
male_AF_left,31.50650650650651,21370.416068720075,38303.56417574159,49704.63954985633
male_AF_left,31.596496496496503,21355.630284337232,38289.97761716709,49691.37242139121
male_AF_left,31.68648648648649,21340.843029686795,38276.383825009776,49678.09516129533
male_AF_left,31.77647647647648,21326.054473429336,38262.78308834136,49664.808141698806
male_AF_left,31.86646646646647,21311.26478199207,38249.17569260732,49651.51173015315
male_AF_left,31.95645645645646,21296.47411959844,38235.5619196742,49638.206289690606
male_AF_left,32.04644644644645,21281.68264829692,38221.94204787559,49624.89217888216
male_AF_left,32.13643643643644,21266.89052798974,38208.316352058224,49611.5697518954
male_AF_left,32.22642642642643,21252.09791646106,38194.68510362685,49598.23935855101
male_AF_left,32.31641641641642,21237.304969404813,38181.048570588966,49584.90134437912
male_AF_left,32.40640640640641,21222.51184045193,38167.40701759823,49571.55605067378
male_AF_left,32.4963963963964,21207.71868119725,38153.76070599756,49558.2038145473
male_AF_left,32.586386386386394,21192.925641226266,38140.109893861954,49544.84496898407
male_AF_left,32.67637637637638,21178.13286814119,38126.45483604013,49531.479842892986
male_AF_left,32.76636636636637,21163.3405075866,38112.79578419564,49518.10876115909
male_AF_left,32.85635635635636,21148.548703275286,38099.13298684817,49504.73204469572
male_AF_left,32.94634634634635,21133.75759701263,38085.46668941258,49491.35001049338
male_AF_left,33.03633633633634,21118.96732872194,38071.79713423948,49477.96297167101
male_AF_left,33.12632632632633,21104.178036468413,38058.12456065354,49464.571237524055
male_AF_left,33.21631631631632,21089.3898564832,38044.44920499203,49451.175113573074
male_AF_left,33.30630630630631,21074.60292318701,38030.77130064261,49437.77490161118
male_AF_left,33.3962962962963,21059.81736921354,38017.09107808086,49424.37089975136
male_AF_left,33.486286286286294,21045.033325432098,38003.40876490648,49410.96340247193
male_AF_left,33.57627627627628,21030.250920970604,37989.72458588005,49397.552700662935
male_AF_left,33.66626626626627,21015.470283237788,37976.03876295879,49384.13908167099
male_AF_left,33.75625625625626,21000.691537944957,37962.351515331145,49370.72282934294
male_AF_left,33.84624624624625,20985.914809127866,37948.66305945201,49357.30422407012
male_AF_left,33.93623623623624,20971.14021916825,37934.97360907715,49343.88354283168
male_AF_left,34.02622622622623,20956.36788881456,37921.283375296414,49330.46105923642
male_AF_left,34.11621621621622,20941.597937202776,37907.59256656709,49317.03704356471
male_AF_left,34.20620620620621,20926.83048187712,37893.90138874708,49303.611762810346
male_AF_left,34.2961961961962,20912.065638810072,37880.21004512697,49290.18548072079
male_AF_left,34.386186186186194,20897.30352242225,37866.51873646192,49276.75845783742
male_AF_left,34.47617617617618,20882.54424560211,37852.82766100316,49263.330951535085
male_AF_left,34.56616616616617,20867.7879197253,37839.13701452911,49249.90321606138
male_AF_left,34.656156156156165,20853.03465467357,37825.446990375545,49236.47550257451
male_AF_left,34.74614614614615,20838.2845588538,37811.75777946623,49223.048059181885
male_AF_left,34.83613613613614,20823.537739216583,37798.06957034268,49209.621130977685
male_AF_left,34.92612612612613,20808.79430127416,37784.38254919282,49196.19496007879
male_AF_left,35.01611611611612,20794.0543491189,37770.69689988078,49182.76978566233
male_AF_left,35.10610610610611,20779.317985440684,37757.012803974576,49169.34584400064
male_AF_left,35.1960960960961,20764.585311544877,37743.33044077508,49155.92336849759
male_AF_left,35.286086086086094,20749.85642736929,37729.64998734318,49142.50258972287
male_AF_left,35.37607607607608,20735.13143150132,37715.97161852722,49129.08373544648
male_AF_left,35.46606606606607,20720.41042119492,37702.2955069903,49115.66703067318
male_AF_left,35.556056056056065,20705.693492387065,37688.621823236615,49102.25269767557
male_AF_left,35.64604604604605,20690.980739714018,37674.950735637576,49088.840956026994
male_AF_left,35.73603603603604,20676.272256527856,37661.28241045839,49075.4320226351
male_AF_left,35.82602602602603,20661.568134911984,37647.61701188285,49062.0261117729
male_AF_left,35.91601601601602,20646.86846569705,37633.95470203895,49048.62343511123
male_AF_left,36.00600600600601,20632.17333847643,37620.29564102363,49035.22420174965
male_AF_left,36.095995995996,20617.48284162145,37606.6399869274,49021.82861824773
male_AF_left,36.185985985986,20602.79706229669,37592.9878958587,49008.43688865548
male_AF_left,36.27597597597598,20588.116086474376,37579.33952196713,48995.049214542814
male_AF_left,36.36596596596597,20573.439998949605,37565.69501746784,48981.66579503013
male_AF_left,36.455955955955964,20558.768883354533,37552.05453266435,48968.28682681706
male_AF_left,36.54594594594595,20544.10282217269,37538.41821597149,48954.91250421149
male_AF_left,36.63593593593594,20529.441896753076,37524.78621393805,48941.54301915792
male_AF_left,36.72592592592593,20514.78618732406,37511.15867126916,48928.1785612657
male_AF_left,36.81591591591592,20500.13577300718,37497.53573084834,48914.81931783696
male_AF_left,36.90590590590591,20485.490731830563,37483.91753375917,48901.46547389364
male_AF_left,36.9958958958959,20470.851140742438,37470.30421930696,48888.11721220499
male_AF_left,37.08588588588589,20456.21707562399,37456.69592503937,48874.77471331348
male_AF_left,37.17587587587588,20441.58861130277,37443.09278676798,48861.43815556197
male_AF_left,37.26586586586587,20426.965821565314,37429.49493858861,48848.1077151193
male_AF_left,37.35585585585586,20412.348779169766,37415.90251290156,48834.78356600583
male_AF_left,37.44584584584585,20397.737555858374,37402.31564043164,48821.46588011859
male_AF_left,37.53583583583584,20383.132222370023,37388.7344502485,48808.15482725701
male_AF_left,37.62582582582583,20368.532848452145,37375.15906978556,48794.85057514668
male_AF_left,37.71581581581582,20353.93950287285,37361.589624859655,48781.55328946413
male_AF_left,37.80580580580581,20339.35225343274,37348.02623968999,48768.26313386073
male_AF_left,37.8957957957958,20324.77116697672,37334.46903691714,48754.98026998662
male_AF_left,37.985785785785794,20310.196309405208,37320.91813762107,48741.70485751338
male_AF_left,38.07577577577578,20295.62774568598,37307.37366134017,48728.437054158094
male_AF_left,38.16576576576577,20281.065539865067,37293.83572608884,48715.17701570542
male_AF_left,38.25575575575576,20266.50975507804,37280.30444837557,48701.92489603048
male_AF_left,38.34574574574575,20251.96045356079,37266.77994322039,48688.680847120726
male_AF_left,38.43573573573574,20237.41769666043,37253.26232417226,48675.44501909796
male_AF_left,38.52572572572573,20222.88154484615,37239.75170332675,48662.21756024061
male_AF_left,38.61571571571572,20208.35205771932,37226.24819134206,48648.99861700382
male_AF_left,38.70570570570571,20193.829294024305,37212.75189745661,48635.78833404174
male_AF_left,38.7956956956957,20179.31331165852,37199.26292950518,48622.58685422781
male_AF_left,38.885685685685694,20164.80416768253,37185.78139393513,48609.39431867519
male_AF_left,38.97567567567568,20150.30191833015,37172.307395822696,48596.210866757385
male_AF_left,39.06566566566567,20135.806619018294,37158.84103888885,48583.03663612815
male_AF_left,39.155655655655664,20121.318324356704,37145.38242551496,48569.87176274121
male_AF_left,39.24564564564565,20106.837088157565,37131.93165675833,48556.71638087002
male_AF_left,39.33563563563564,20092.36296344485,37118.488832367104,48543.570623126325
male_AF_left,39.42562562562563,20077.89600246427,37105.05405079655,48530.43462048087
male_AF_left,39.51561561561562,20063.436256691544,37091.62740922206,48517.3085022797
male_AF_left,39.60560560560561,20048.98377684269,37078.209003556105,48504.19239626557
male_AF_left,39.6955955955956,20034.538612882,37064.798928460696,48491.08642859362
male_AF_left,39.78558558558559,20020.10081403168,37051.39727736331,48477.99072385152
male_AF_left,39.87557557557558,20005.670428780308,37038.004142470185,48464.9054050762
male_AF_left,39.96556556556557,19991.247504891573,37024.61961478067,48451.83059377189
male_AF_left,40.05555555555557,19976.832089412936,37011.24378410099,48438.7664099276
male_AF_left,40.14554554554555,19962.42422868393,36997.87673905779,48425.7129720341
male_AF_left,40.23553553553554,19948.023968344787,36984.51856711195,48412.67039710138
male_AF_left,40.32552552552553,19933.631353344463,36971.1693545716,48399.63880067504
male_AF_left,40.41551551551552,19919.24642794878,36957.82918660514,48386.6182968528
male_AF_left,40.50550550550551,19904.869235748683,36944.49814725473,48373.60899830138
male_AF_left,40.5954954954955,19890.499819667933,36931.17631944853,48360.61101627204
male_AF_left,40.68548548548549,19876.138221971312,36917.86378501411,48347.62446061741
male_AF_left,40.77547547547548,19861.784484271982,36904.56062469016,48334.64943980638
male_AF_left,40.86546546546547,19847.438647539355,36891.26691813931,48321.68606094018
male_AF_left,40.95545545545546,19833.10075210663,36877.98274396028,48308.73442976774
male_AF_left,41.04544544544545,19818.7708376783,36864.70817969997,48295.7946507009
male_AF_left,41.13543543543544,19804.448943337426,36851.443301865176,48282.866826829246
male_AF_left,41.22542542542543,19790.135107553026,36838.1881859347,48269.9510599354
male_AF_left,41.31541541541542,19775.829368187176,36824.94290637054,48257.04745050908
male_AF_left,41.40540540540541,19761.5317625022,36811.707536629736,48244.15609776205
male_AF_left,41.4953953953954,19747.242327167594,36798.48214917547,48231.27709964219
male_AF_left,41.58538538538539,19732.961098267144,36785.26681548857,48218.41055284796
male_AF_left,41.67537537537538,19718.688111305488,36772.0616060781,48205.556552841794
male_AF_left,41.76536536536537,19704.42340121506,36758.8665904926,48192.71519386421
male_AF_left,41.85535535535536,19690.167002362872,36745.681837331096,48179.88656894785
male_AF_left,41.94534534534535,19675.91894855688,36732.5074142533,48167.07076993021
male_AF_left,42.03533533533534,19661.679273052665,36719.34338799048,48154.26788746739
male_AF_left,42.12532532532533,19647.44800855975,36706.18982435569,48141.4780110471
male_AF_left,42.21531531531532,19633.2251872481,36693.046788254185,48128.70122900167
male_AF_left,42.30530530530531,19619.01084075429,36679.91434369351,48115.93762852092
male_AF_left,42.3952952952953,19604.805000187745,36666.79255379352,48103.18729566471
male_AF_left,42.48528528528529,19590.60769613699,36653.68148079658,48090.45031537581
male_AF_left,42.57527527527528,19576.41895867544,36640.5811860768,48077.72677149167
male_AF_left,42.66526526526527,19562.23881736768,36627.49173015032,48065.01674675725
male_AF_left,42.755255255255264,19548.067301275143,36614.41317268447,48052.32032283672
male_AF_left,42.84524524524525,19533.904438962098,36601.345572507424,48039.63758032561
male_AF_left,42.93523523523524,19519.75025850132,36588.288987617394,48026.9685987623
male_AF_left,43.02522522522523,19505.604787479973,36575.24347519224,48014.31345664043
male_AF_left,43.11521521521522,19491.468053004897,36562.2090915979,48001.6722314192
male_AF_left,43.20520520520521,19477.34008170861,36549.18589239821,47989.04499953603
male_AF_left,43.2951951951952,19463.22089975441,36536.17393236311,47976.43183641687
male_AF_left,43.38518518518519,19449.11053284216,36523.1732654781,47963.832816488015
male_AF_left,43.47517517517518,19435.009006213248,36510.18394495216,47951.24801318628
male_AF_left,43.56516516516517,19420.9163446563,36497.20602322713,47938.677498970734
male_AF_left,43.65515515515517,19406.832572512136,36484.23955198565,47926.12134533278
male_AF_left,43.74514514514515,19392.75771367917,36471.28458215999,47913.57962280727
male_AF_left,43.83513513513514,19378.691791618206,36458.34116393972,47901.05240098223
male_AF_left,43.92512512512513,19364.63482935791,36445.40934678076,47888.53974851032
male_AF_left,44.01511511511512,19350.58684949945,36432.48917941271,47876.04173311796
male_AF_left,44.10510510510511,19336.54787422164,36419.58070984734,47863.55842161624
male_AF_left,44.1950950950951,19322.51792528569,36406.68398538621,47851.089879910425
male_AF_left,44.28508508508509,19308.497024040204,36393.79905262886,47838.6361730103
male_AF_left,44.37507507507508,19294.4851914256,36380.92595747988,47826.1973650392
male_AF_left,44.46506506506507,19280.48244797928,36368.06474515741,47813.77351924464
male_AF_left,44.55505505505506,19266.4888138399,36355.2154602,47801.364698007084
male_AF_left,44.64504504504505,19252.50430875224,36342.37814647451,47788.970962849824
male_AF_left,44.73503503503504,19238.52895207148,36329.5528471832,47776.592374448
male_AF_left,44.82502502502503,19224.562762767862,36316.73960487104,47764.22899263786
male_AF_left,44.91501501501502,19210.60575943121,36303.938461433325,47751.88087642637
male_AF_left,45.00500500500501,19196.657960275046,36291.14945812214,47739.54808399932
male_AF_left,45.094994994995,19182.7193831411,36278.37263555384,47727.23067273085
male_AF_left,45.18498498498499,19168.79004550369,36265.60803371614,47714.92869919245
male_AF_left,45.27497497497498,19154.86996447377,36252.85569197466,47702.64221916111
male_AF_left,45.36496496496497,19140.95915680313,36240.11564907969,47690.371287627946
male_AF_left,45.45495495495496,19127.057638888626,36227.387943173264,47678.115958807175
male_AF_left,45.54494494494495,19113.16542677624,36214.67261179558,47665.87628614418
male_AF_left,45.63493493493494,19099.2825361651,36201.96969189158,47653.65232232384
male_AF_left,45.72492492492493,19085.40898241141,36189.27921981741,47641.4441192787
male_AF_left,45.81491491491492,19071.54478053268,36176.60123134731,47629.25172819771
male_AF_left,45.90490490490491,19057.689945211077,36163.93576167889,47617.07519953285
male_AF_left,45.9948948948949,19043.84449079786,36151.28284544057,47604.91458300855
male_AF_left,46.08488488488489,19030.00843131693,36138.642516697255,47592.76992762894
male_AF_left,46.17487487487488,19016.18178046859,36126.01480895646,47580.641281685486
male_AF_left,46.26486486486487,19002.3645516332,36113.39975517425,47568.52869276459
male_AF_left,46.354854854854864,18988.556757875085,36100.79738776167,47556.43220775564
male_AF_left,46.44484484484485,18974.758411946063,36088.20773859045,47544.35187285834
male_AF_left,46.53483483483484,18960.96952628884,36075.63083899848,47532.2877335895
male_AF_left,46.624824824824834,18947.190113041004,36063.06671979644,47520.23983479158
male_AF_left,46.71481481481482,18933.420184038117,36050.515411272754,47508.2082206388
male_AF_left,46.80480480480481,18919.659750817373,36037.97694319957,47496.19293464483
male_AF_left,46.8947947947948,18905.90882462104,36025.45134483836,47484.1940196698
male_AF_left,46.98478478478479,18892.16741639995,36012.93864494571,47472.21151792765
male_AF_left,47.07477477477478,18878.435536816603,36000.4388717782,47460.24547099231
male_AF_left,47.16476476476477,18864.71319624868,35987.95205309831,47448.295919805205
male_AF_left,47.25475475475477,18851.00040479233,35975.47821617969,47436.36290468185
male_AF_left,47.34474474474475,18837.29717226525,35963.01738781222,47424.44646531832
male_AF_left,47.43473473473474,18823.60350821009,35950.569594307526,47412.54664079819
male_AF_left,47.524724724724734,18809.91942189752,35938.13486150404,47400.663469599
male_AF_left,47.61471471471472,18796.24492232936,35925.71321477213,47388.79698959865
male_AF_left,47.70470470470471,18782.58001824177,35913.3046790192,47376.94723808197
male_AF_left,47.7946946946947,18768.924718108134,35900.90927869451,47365.11425174672
male_AF_left,47.88468468468469,18755.27903014232,35888.527037794454,47353.29806671034
male_AF_left,47.97467467467468,18741.642962301517,35876.15797986722,47341.49871851585
male_AF_left,48.06466466466467,18728.016522289257,35863.802128017705,47329.71624213803
male_AF_left,48.15465465465466,18714.399717558223,35851.45950491209,47317.95067198922
male_AF_left,48.24464464464465,18700.79255531344,35839.13013278313,47306.2020419261
male_AF_left,48.33463463463464,18687.19504251476,35826.81403343414,47294.47038525458
male_AF_left,48.42462462462464,18673.60718588013,35814.5112282444,47282.75573473683
male_AF_left,48.51461461461462,18660.02899188781,35802.22173817273,47271.058122595656
male_AF_left,48.60460460460461,18646.46046677977,35789.94558376308,47259.37758052169
male_AF_left,48.6945945945946,18632.90161656404,35777.68278514836,47247.71413967815
male_AF_left,48.78458458458459,18619.352447017387,35765.43336205487,47236.067830706525
male_AF_left,48.87457457457458,18605.812963688364,35753.19733380723,47224.438683732806
male_AF_left,48.96456456456457,18592.28317189946,35740.974719331905,47212.826728371896
male_AF_left,49.05455455455456,18578.76307675012,35728.76553716221,47201.23199373407
male_AF_left,49.14454454454455,18565.252683119183,35716.56980544228,47189.65450842982
male_AF_left,49.23453453453454,18551.751995667302,35704.38754193095,47178.09430057498
male_AF_left,49.32452452452453,18538.261018839767,35692.21876400652,47166.55139779665
male_AF_left,49.41451451451452,18524.77975686873,35680.06348867033,47155.025827237696
male_AF_left,49.50450450450451,18511.308213775912,35667.92173255116,47143.51761556244
male_AF_left,49.5944944944945,18497.846393374868,35655.79351190905,47132.02678896136
male_AF_left,49.68448448448449,18484.394299273477,35643.678842639274,47120.5533731563
male_AF_left,49.77447447447448,18470.95193487635,35631.5777402764,47109.09739340545
male_AF_left,49.86446446446447,18457.51930338721,35619.490219998064,47097.65887450824
male_AF_left,49.95445445445446,18444.09640781119,35607.416296628864,47086.23784081023
male_AF_left,50.04444444444445,18430.683250957147,35595.35598464409,47074.83431620784
male_AF_left,50.13443443443444,18417.27983544001,35583.30929817361,47063.44832415329
male_AF_left,50.224424424424434,18403.886163682957,35571.27625100542,47052.079887659136
male_AF_left,50.31441441441442,18390.50223791978,35559.25685658957,47040.72902930314
male_AF_left,50.40440440440441,18377.12806019696,35547.25112804151,47029.395771232674
male_AF_left,50.4943943943944,18363.76363237588,35535.25907814581,47018.080135169264
male_AF_left,50.58438438438439,18350.408956135136,35523.280719359835,47006.78214241341
male_AF_left,50.67437437437438,18337.064032972507,35511.316063817154,46995.5018138488
male_AF_left,50.76436436436437,18323.728864207173,35499.36512333104,46984.239169946784
male_AF_left,50.85435435435436,18310.403450981783,35487.42790939792,46972.99423077081
male_AF_left,50.94434434434435,18297.087794264484,35475.504433200775,46961.767015980615
male_AF_left,51.03433433433434,18283.7818948511,35463.59470561261,46950.55754483674
male_AF_left,51.124324324324334,18270.485753366924,35451.69873719946,46939.36583620429
male_AF_left,51.21431431431432,18257.199370269085,35439.81653822438,46928.191908558
male_AF_left,51.30430430430431,18243.922745848107,35427.94811864982,46917.03577998529
male_AF_left,51.3942942942943,18230.65588023022,35416.0934881416,46905.89746819122
male_AF_left,51.48428428428429,18217.398773379173,35404.25265607179,46894.7769905023
male_AF_left,51.57427427427428,18204.15142509809,35392.42563152185,46883.6743638703
male_AF_left,51.66426426426427,18190.913835031344,35380.612423285624,46872.589604876135
male_AF_left,51.75425425425426,18177.68600266676,35368.81303987308,46861.522729734665
male_AF_left,51.84424424424425,18164.46792733697,35357.02748951248,46850.47375429736
male_AF_left,51.93423423423424,18151.259608221724,35345.255780154184,46839.442694057165
male_AF_left,52.02422422422424,18138.06104434939,35333.497919473164,46828.429564151695
male_AF_left,52.11421421421422,18124.8722345988,35321.753914871995,46817.43437936704
male_AF_left,52.20420420420421,18111.693177701232,35310.023773484216,46806.457154142015
male_AF_left,52.2941941941942,18098.523872241884,35298.30750217663,46795.49790257112
male_AF_left,52.38418418418419,18085.36431666192,35286.60510755285,46784.55663840898
male_AF_left,52.47417417417418,18072.21450925989,35274.91659595551,46773.63337507324
male_AF_left,52.56416416416417,18059.07444819355,35263.24197346929,46762.72812564826
male_AF_left,52.65415415415416,18045.944131481738,35251.58124592409,46751.84090288938
male_AF_left,52.74414414414415,18032.823557005697,35239.93441889716,46740.97171922539
male_AF_left,52.83413413413414,18019.71272251108,35228.301497716435,46730.12058676293
male_AF_left,52.92412412412413,18006.611625609185,35216.68248746254,46719.28751728895
male_AF_left,53.01411411411412,17993.52026377885,35205.077392971936,46708.47252227472
male_AF_left,53.10410410410411,17980.438634368136,35193.48621883979,46697.67561287955
male_AF_left,53.1940940940941,17967.36673459558,35181.90896942192,46686.89679995317
male_AF_left,53.28408408408409,17954.304561551962,35170.345648837785,46676.13609403957
male_AF_left,53.37407407407408,17941.252112201928,35158.79626097322,46665.39350538048
male_AF_left,53.46406406406407,17928.209383385238,35147.26080948238,46654.66904391785
male_AF_left,53.55405405405406,17915.176371818576,35135.73929779084,46643.96271929775
male_AF_left,53.64404404404405,17902.15307409686,35124.231729097744,46633.27454087318
male_AF_left,53.73403403403404,17889.139486694818,35112.73810637838,46622.604517707245
male_AF_left,53.824024024024034,17876.135605968368,35101.25843238655,46611.95265857625
male_AF_left,53.91401401401402,17863.14142815616,35089.79270965699,46601.31897197274
male_AF_left,54.00400400400401,17850.156949381017,35078.34094050792,46590.70346610877
male_AF_left,54.093993993994,17837.182165651204,35066.90312704304,46580.10614891841
male_AF_left,54.18398398398399,17824.21707286194,35055.479271154065,46569.52702806098
male_AF_left,54.27397397397398,17811.261666796836,35044.06937452314,46558.96611092416
male_AF_left,54.36396396396397,17798.315943129146,35032.673438624865,46548.4234046265
male_AF_left,54.45395395395396,17785.379897423234,35021.2914647288,46537.89891602068
male_AF_left,54.54394394394395,17772.453525135854,35009.92345390154,46527.39265169609
male_AF_left,54.63393393393394,17759.536821617476,34998.56940700892,46516.90461798167
male_AF_left,54.723923923923934,17746.62978211368,34987.229324718355,46506.43482094892
male_AF_left,54.81391391391392,17733.73240176632,34975.90320750079,46495.98326641426
male_AF_left,54.90390390390391,17720.844675615008,34964.59105563316,46485.54995994231
male_AF_left,54.9938938938939,17707.966598598152,34953.29286919999,46475.134906847845
male_AF_left,55.08388388388389,17695.098165554442,34942.008648096125,46464.73811219928
male_AF_left,55.17387387387388,17682.239371223925,34930.73839202827,46454.35958082066
male_AF_left,55.26386386386387,17669.390210249298,34919.4821005173,46443.99931729456
male_AF_left,55.35385385385386,17656.550677177285,34908.239772900495,46433.65732596498
male_AF_left,55.44384384384385,17643.72076645949,34897.011408332946,46423.33361093908
male_AF_left,55.53383383383384,17630.900472453955,34885.7970057902,46413.02817609059
male_AF_left,55.62382382382384,17618.089789426165,34874.596564069885,46402.74102506186
male_AF_left,55.71381381381382,17605.288711550264,34863.41008179379,46392.472161266574
male_AF_left,55.80380380380381,17592.497232910082,34852.237557409506,46382.22158789168
male_AF_left,55.8937937937938,17579.715347500587,34841.078989192945,46371.989307900825
male_AF_left,55.98378378378379,17566.94304922861,34829.93437524944,46361.775324035545
male_AF_left,56.07377377377378,17554.180331914362,34818.803713516376,46351.57963881877
male_AF_left,56.16376376376377,17541.42718929233,34807.68700176464,46341.4022545566
male_AF_left,56.25375375375376,17528.683615012327,34796.58423760036,46331.2431733405
male_AF_left,56.34374374374375,17515.949602640772,34785.49541846708,46321.10239705019
male_AF_left,56.43373373373374,17503.22514566164,34774.42054164733,46310.97992735548
male_AF_left,56.52372372372373,17490.510237477425,34763.35960426422,46300.875765718425
male_AF_left,56.61371371371372,17477.804871410484,34752.31260328373,46290.78991339623
male_AF_left,56.70370370370371,17465.1090407038,34741.279535515954,46280.72237144278
male_AF_left,56.7936936936937,17452.42273852215,34730.26039761704,46270.67314071117
male_AF_left,56.88368368368369,17439.745957953182,34719.25518609106,46260.64222185609
male_AF_left,56.97367367367368,17427.07869200817,34708.263897291195,46250.62961533528
male_AF_left,57.06366366366367,17414.42093362336,34697.286527422024,46240.635321412505
male_AF_left,57.15365365365366,17401.772675660628,34686.323072540654,46230.65934015897
male_AF_left,57.24364364364365,17389.1339109088,34675.37352855888,46220.70167145612
male_AF_left,57.33363363363364,17376.50463208421,34664.43789124414,46210.762314996806
male_AF_left,57.423623623623634,17363.88483183204,34653.51615622181,46200.84127028824
male_AF_left,57.51361361361362,17351.274502727087,34642.60831897641,46190.93853665349
male_AF_left,57.60360360360361,17338.673637274656,34631.71437485314,46181.05411323353
male_AF_left,57.6935935935936,17326.082227911655,34620.83431905976,46171.18799898959
male_AF_left,57.78358358358359,17313.5002670074,34609.96814666786,46161.34019270477
male_AF_left,57.87357357357358,17300.927746864396,34599.11585261422,46151.51069298575
male_AF_left,57.96356356356357,17288.36465971959,34588.277431702925,46141.69949826557
male_AF_left,58.05355355355356,17275.81099774492,34577.45287860628,46131.90660680474
male_AF_left,58.14354354354355,17263.26675304833,34566.64218786648,46122.13201669338
male_AF_left,58.23353353353354,17250.731917674744,34555.845353897304,46112.375725853446
male_AF_left,58.323523523523534,17238.206483606682,34545.0623709851,46102.637732039846
male_AF_left,58.41351351351352,17225.690442765423,34534.2932332908,46092.918032843176
male_AF_left,58.50350350350351,17213.18378701148,34523.53793485066,46083.21662569056
male_AF_left,58.593493493493504,17200.686508145816,34512.79646957834,46073.53350784838
male_AF_left,58.68348348348349,17188.198597910407,34502.06883126586,46063.86867642341
male_AF_left,58.77347347347348,17175.72004798917,34491.35501358515,46054.22212836487
male_AF_left,58.86346346346347,17163.250850008822,34480.65501008951,46044.5938604663
male_AF_left,58.95345345345346,17150.790995539446,34469.96881421451,46034.983869366646
male_AF_left,59.04344344344345,17138.340476095564,34459.2964192799,46025.39215155276
male_AF_left,59.13343343343344,17125.89928313689,34448.63781849081,46015.818703360914
male_AF_left,59.22342342342344,17113.46740806881,34437.99300493855,46006.26352097781
male_AF_left,59.31341341341342,17101.044842243522,34427.36197160261,45996.72660044312
male_AF_left,59.40340340340341,17088.631576960717,34416.74471135175,45987.20793765103
male_AF_left,59.49339339339341,17076.22760346808,34406.14121694484,45977.70752835105
male_AF_left,59.58338338338339,17063.83291296225,34395.551481032504,45968.22536815039
male_AF_left,59.67337337337338,17051.44749658961,34384.97549615848,45958.76145251546
male_AF_left,59.76336336336337,17039.071345446868,34374.41325476057,45949.31577677332
male_AF_left,59.85335335335336,17026.704450581874,34363.864749172026,45939.88833611324
male_AF_left,59.94334334334335,17014.34680299429,34353.32997162271,45930.47912558835
male_AF_left,60.03333333333334,17001.998393636222,34342.80891424011,45921.08814011681
male_AF_left,60.12332332332333,16989.65921341319,34332.30156905105,45911.71537448412
male_AF_left,60.21331331331332,16977.329253184467,34321.80792798222,45902.360823343726
male_AF_left,60.30330330330331,16965.008503764064,34311.32798286188,45893.02448121917
male_AF_left,60.3932932932933,16952.69695592121,34300.86172542065,45883.70634250523
male_AF_left,60.48328328328329,16940.394600381092,34290.409147292725,45874.40640146933
male_AF_left,60.57327327327328,16928.10142782558,34279.97024001721,45865.12465225339
male_AF_left,60.66326326326327,16915.817428893806,34269.54499503905,45855.86108887484
male_AF_left,60.75325325325326,16903.54259418278,34259.13340371002,45846.61570522809
male_AF_left,60.84324324324325,16891.27691424816,34248.73545729009,45837.38849508614
male_AF_left,60.93323323323324,16879.020379604837,34238.35114694849,45828.179452102
male_AF_left,61.02322322322323,16866.77298072749,34227.98046376449,45818.98856980968
male_AF_left,61.11321321321322,16854.534708051302,34217.62339872878,45809.81584162594
male_AF_left,61.20320320320321,16842.305551972582,34207.2799427444,45800.66126085153
male_AF_left,61.2931931931932,16830.085502849288,34196.95008662772,45791.52482067241
male_AF_left,61.38318318318319,16817.874551001758,34186.63382110966,45782.40651416134
male_AF_left,61.47317317317318,16805.672686713177,34176.33113683647,45773.30633427881
male_AF_left,61.56316316316317,16793.47990023024,34166.04202437085,45764.2242738746
male_AF_left,61.65315315315316,16781.29618176381,34155.76647419314,45755.16032568921
male_AF_left,61.74314314314315,16769.121521489305,34145.50447670189,45746.11448235461
male_AF_left,61.83313313313314,16756.955909547454,34135.256022215195,45737.08673639594
male_AF_left,61.92312312312313,16744.799336044816,34125.021100971615,45728.0770802328
male_AF_left,62.01311311311312,16732.651791054304,34114.799703131,45719.08550618017
male_AF_left,62.10310310310311,16720.513264615805,34104.591818775654,45710.11200644995
male_AF_left,62.193093093093104,16708.38374673665,34094.397437910964,45701.15657315179
male_AF_left,62.28308308308309,16696.263227392225,34084.216550466655,45692.21919829471
male_AF_left,62.37307307307308,16684.15169652644,34074.04914629741,45683.29987378785
male_AF_left,62.46306306306307,16672.049144052446,34063.895215184246,45674.39859144227
male_AF_left,62.55305305305306,16659.955559852915,34053.75474683488,45665.51534297141
male_AF_left,62.64304304304305,16647.87093378072,34043.627730884946,45656.65011999272
male_AF_left,62.73303303303304,16635.79525565946,34033.51415689894,45647.80291402872
male_AF_left,62.82302302302303,16623.728515283816,34023.4140143707,45638.97371650773
male_AF_left,62.91301301301302,16611.670702420295,34013.32729272483,45630.16251876576
male_AF_left,63.00300300300301,16599.621806807518,34003.25398131707,45621.36931204682
male_AF_left,63.09299299299301,16587.5818181569,33993.19406943559,45612.59408750471
male_AF_left,63.18298298298299,16575.550726152913,33983.1475463013,45603.83683620336
male_AF_left,63.27297297297298,16563.52852045392,33973.11440106945,45595.09754911897
male_AF_left,63.36296296296297,16551.515190692266,33963.09462282961,45586.37621713984
male_AF_left,63.45295295295296,16539.51072647502,33953.08820060707,45577.6728310683
male_AF_left,63.54294294294295,16527.515117384308,33943.09512336335,45568.98738162133
male_AF_left,63.63293293293294,16515.52835297793,33933.11537999732,45560.31985943196
male_AF_left,63.72292292292293,16503.55042278966,33923.14895934569,45551.67025504997
male_AF_left,63.81291291291292,16491.581316329833,33913.195850184,45543.038558943095
male_AF_left,63.90290290290291,16479.621023085587,33903.25604122699,45534.42476149757
male_AF_left,63.9928928928929,16467.669532521715,33893.32952113026,45525.828853020204
male_AF_left,64.08288288288288,16455.726834080662,33883.41627849008,45517.25082373819
male_AF_left,64.17287287287287,16443.79291718321,33873.51630184458,45508.6906638006
male_AF_left,64.26286286286286,16431.867771228946,33863.62957967473,45500.14836327965
male_AF_left,64.35285285285285,16419.95138559642,33853.75610040435,45491.62391217076
male_AF_left,64.44284284284285,16408.043749644,33843.89585240185,45483.11730039471
male_AF_left,64.53283283283284,16396.144852709833,33834.04882398002,45474.62851779745
male_AF_left,64.62282282282283,16384.25468411269,33824.21500339749,45466.15755415199
male_AF_left,64.71281281281281,16372.373233152006,33814.39437885886,45457.70439915844
male_AF_left,64.8028028028028,16360.500489108546,33804.5869385158,45449.26904244561
male_AF_left,64.89279279279279,16348.636441244636,33794.79267046747,45440.8514735714
male_AF_left,64.98278278278278,16336.781078804754,33785.0115627616,45432.45168202431
male_AF_left,65.07277277277278,16324.9343910157,33775.24360339464,45424.06965722352
male_AF_left,65.16276276276277,16313.096367087208,33765.48878031304,45415.70538852062
male_AF_left,65.25275275275276,16301.266996212276,33755.74708141363,45407.35886520013
male_AF_left,65.34274274274274,16289.446267567262,33746.01849454386,45399.03007647967
male_AF_left,65.43273273273273,16277.634170312798,33736.30300750339,45390.719011512185
male_AF_left,65.52272272272272,16265.830693593633,33726.60060804382,45382.42565938549
male_AF_left,65.6127127127127,16254.03582653939,33716.91128387001,45374.150009124
male_AF_left,65.70270270270271,16242.24955826481,33707.23502264051,45365.89204968924
male_AF_left,65.7926926926927,16230.47187786999,33697.57181196793,45357.65176998046
male_AF_left,65.88268268268268,16218.702774440966,33687.921639420034,45349.42915883591
male_AF_left,65.97267267267267,16206.942237049789,33678.284492519764,45341.22420503289
male_AF_left,66.06266266266266,16195.19025475525,33668.66035874666,45333.03689728969
male_AF_left,66.15265265265265,16183.446816602878,33659.04922553669,45324.86722426521
male_AF_left,66.24264264264265,16171.711911625538,33649.45108028342,45316.715174560624
male_AF_left,66.33263263263264,16159.98552884352,33639.865910338114,45308.58073671942
male_AF_left,66.42262262262263,16148.267657265198,33630.29370301088,45300.46389922891
male_AF_left,66.51261261261261,16136.558285887037,33620.7344455707,45292.364650520285
male_AF_left,66.6026026026026,16124.857403694245,33611.18812524661,45284.282978970085
male_AF_left,66.69259259259259,16113.164999660788,33601.654729227645,45276.218872900194
male_AF_left,66.78258258258258,16101.481062749894,33592.13424466376,45268.17232057897
male_AF_left,66.87257257257258,16089.805581914454,33582.62665866661,45260.14331022237
male_AF_left,66.96256256256257,16078.138546097089,33573.131958309496,45252.131829993705
male_AF_left,67.05255255255256,16066.47994423074,33563.6501306286,45244.13786800539
male_AF_left,67.14254254254254,16054.829765238714,33554.181162622895,45236.16141231876
male_AF_left,67.23253253253253,16043.1879980352,33544.72504125517,45228.20245094542
male_AF_left,67.32252252252252,16031.554631525512,33535.281753452386,45220.26097184767
male_AF_left,67.4125125125125,16019.929654606316,33525.85128610613,45212.33696293915
male_AF_left,67.50250250250251,16008.313056166073,33516.43362607337,45204.43041208577
male_AF_left,67.5924924924925,15996.704825085151,33507.02876017662,45196.54130710597
male_AF_left,67.68248248248248,15985.10495023636,33497.636675204965,45188.669635772
male_AF_left,67.77247247247247,15973.513420484976,33488.25735791403,45180.815385809896
male_AF_left,67.86246246246246,15961.93022468921,33478.89079502681,45172.978544900594
male_AF_left,67.95245245245245,15950.355351700417,33469.53697323411,45165.15910068047
male_AF_left,68.04244244244245,15938.78879036343,33460.19587919508,45157.35704074198
male_AF_left,68.13243243243244,15927.230529516715,33450.867499537475,45149.57235263413
male_AF_left,68.22242242242243,15915.680557992908,33441.55182085864,45141.80502386364
male_AF_left,68.31241241241241,15904.13886461868,33432.24882972527,45134.05504189468
male_AF_left,68.4024024024024,15892.605438215418,33422.9585126746,45126.3223941504
male_AF_left,68.49239239239239,15881.080267599264,33413.68085621451,45118.60706801309
male_AF_left,68.58238238238238,15869.563341581408,33404.41584682398,45110.90905082475
male_AF_left,68.67237237237238,15858.054648968347,33395.16347095361,45103.22832988775
male_AF_left,68.76236236236237,15846.554178562255,33385.92371502624,45095.56489246571
male_AF_left,68.85235235235236,15835.06191916101,33376.69656543704,45087.91872578351
male_AF_left,68.94234234234234,15823.577859558703,33367.4820085544,45080.28981702851
male_AF_left,69.03233233233233,15812.101988545708,33358.280030719994,45072.67815335069
male_AF_left,69.12232232232232,15800.634294909069,33349.09061824959,45065.08372186354
male_AF_left,69.21231231231232,15789.174767432509,33339.913757432936,45057.506509644125
male_AF_left,69.30230230230231,15777.723394896966,33330.74943453483,45049.94650373425
male_AF_left,69.3922922922923,15766.280166080667,33321.59763579517,45042.40369114075
male_AF_left,69.48228228228228,15754.845069759393,33312.458347429456,45034.87805883594
male_AF_left,69.57227227227227,15743.418094706656,33303.33155562916,45027.369593758296
male_AF_left,69.66226226226226,15731.999229694104,33294.21724656235,45019.87828281304
male_AF_left,69.75225225225225,15720.5884634915,33285.11540637372,45012.4041128724
male_AF_left,69.84224224224225,15709.185784867195,33276.02602118545,45004.947070776616
male_AF_left,69.93223223223224,15697.791182588206,33266.94907709728,44997.50714333401
male_AF_left,70.02222222222223,15686.404645420424,33257.884560186896,44990.0843173216
male_AF_left,70.11221221221221,15675.026162129026,33248.83245651082,44982.67857948616
male_AF_left,70.2022022022022,15663.655721478372,33239.79275210397,44975.28991654366
male_AF_left,70.29219219219219,15652.293312232565,33230.765432980865,44967.91831518093
male_AF_left,70.38218218218218,15640.938923155423,33221.75048513551,44960.56376205539
male_AF_left,70.47217217217218,15629.592543010756,33212.747894541855,44953.2262437957
male_AF_left,70.56216216216217,15618.254160562554,33203.757647154205,44945.90574700232
male_AF_left,70.65215215215215,15606.923764575402,33194.77972890797,44938.60225824844
male_AF_left,70.74214214214214,15595.601343814227,33185.81412571908,44931.31576407926
male_AF_left,70.83213213213213,15584.286887045097,33176.86082348565,44924.04625101417
male_AF_left,70.92212212212212,15572.980383034816,33167.91980808702,44916.793705545424
male_AF_left,71.01211211211212,15561.681820551596,33158.99106538514,44909.55811414005
male_AF_left,71.10210210210211,15550.391188365022,33150.0745812244,44902.33946323952
male_AF_left,71.1920920920921,15539.10847524627,33141.17034143211,44895.137739260506
male_AF_left,71.28208208208208,15527.833669968337,33132.27833181884,44887.952928595216
male_AF_left,71.37207207207207,15516.566761306189,33123.39853817874,44880.78501761185
male_AF_left,71.46206206206206,15505.307738037016,33114.53094628999,44873.63399265519
male_AF_left,71.55205205205205,15494.056588940335,33105.67554191499,44866.499840046905
male_AF_left,71.64204204204205,15482.81330279823,33096.83231080077,44859.382546085966
male_AF_left,71.73203203203204,15471.577868395532,33088.001238679375,44852.28209704923
male_AF_left,71.82202202202203,15460.350274519906,33079.18231126796,44845.198479191626
male_AF_left,71.91201201201201,15449.130509962251,33070.37551426959,44838.13167874703
male_AF_left,72.002002002002,15437.918563516594,33061.58083337294,44831.08168192804
male_AF_left,72.09199199199199,15426.71442398044,33052.798254253095,44824.04847492695
male_AF_left,72.18198198198198,15415.518080154912,33044.027762571626,44817.032043915824
male_AF_left,72.27197197197198,15404.329520844956,33035.26934397712,44810.03237504728
male_AF_left,72.36196196196197,15393.148734859344,33026.52298410507,44803.04945445428
male_AF_left,72.45195195195195,15381.97571101106,33017.78866857866,44796.0832682511
male_AF_left,72.54194194194194,15370.810438117394,33009.06638300893,44789.13380253375
male_AF_left,72.63193193193193,15359.652905000006,33000.35611299484,44782.20104337984
male_AF_left,72.72192192192192,15348.503100485164,32991.65784412376,44775.28497684932
male_AF_left,72.81191191191192,15337.361013403928,32982.97156197178,44768.38558898492
male_AF_left,72.90190190190191,15326.22663259222,32974.29725210387,44761.502865812254
male_AF_left,72.9918918918919,15315.099946891098,32965.63490007433,44754.6367933406
male_AF_left,73.08188188188188,15303.980945146865,32956.98449142711,44747.787357563066
male_AF_left,73.17187187187187,15292.869616211156,32948.34601169582,44740.954544456814
male_AF_left,73.26186186186186,15281.765948941054,32939.71944640399,44734.13833998332
male_AF_left,73.35185185185185,15270.66993219956,32931.1047810661,44727.33873008971
male_AF_left,73.44184184184185,15259.581554855267,32922.502001186665,44720.55570070764
male_AF_left,73.53183183183184,15248.50080578283,32913.91109226142,44713.78923775473
male_AF_left,73.62182182182183,15237.4276738631,32905.33203977739,44707.03932713478
male_AF_left,73.71181181181181,15226.362147983078,32896.76482921283,44700.3059547376
male_AF_left,73.8018018018018,15215.304217036144,32888.20944603769,44693.5891064397
male_AF_left,73.89179179179179,15204.25386992233,32879.66587571408,44686.88876810484
male_AF_left,73.98178178178178,15193.211095548231,32871.134103696175,44680.20492558391
male_AF_left,74.07177177177178,15182.17588282742,32862.61411543092,44673.53756471597
male_AF_left,74.16176176176177,15171.148220680252,32854.10589635769,44666.88667132757
male_AF_left,74.25175175175175,15160.12809803428,32845.60943190903,44660.25223123401
male_AF_left,74.34174174174174,15149.115503824109,32837.124707510484,44653.63423023887
male_AF_left,74.43173173173173,15138.110426991863,32828.65170858134,44647.03265413518
male_AF_left,74.52172172172172,15127.112856487152,32820.1904205347,44640.4474887054
male_AF_left,74.61171171171172,15116.122781266957,32811.74082877715,44633.87871972096
male_AF_left,74.70170170170171,15105.140190296268,32803.30291871,44627.32633294408
male_AF_left,74.7916916916917,15094.165072547745,32794.87667572871,44620.79031412677
male_AF_left,74.88168168168168,15083.197417002086,32786.46208522348,44614.27064901179
male_AF_left,74.97167167167167,15072.237212648048,32778.05913257935,44607.76732333272
male_AF_left,75.06166166166166,15061.284448482638,32769.66780317655,44601.28032281437
male_AF_left,75.15165165165165,15050.339113511256,32761.288082390794,44594.80963317333
male_AF_left,75.24164164164165,15039.401196747642,32752.91995559311,44588.35524011756
male_AF_left,75.33163163163164,15028.470687214183,32744.56340815053,44581.91712934739
male_AF_left,75.42162162162163,15017.547573941842,32736.218425425814,44575.49528655517
male_AF_left,75.51161161161161,15006.631845970533,32727.88499277833,44569.08969742643
male_AF_left,75.6016016016016,14995.723492349043,32719.56309556377,44562.70034763948
male_AF_left,75.69159159159159,14984.822502135044,32711.25271913421,44556.32722286549
male_AF_left,75.78158158158158,14973.928864395508,32702.95384883896,44549.97030876963
male_AF_left,75.87157157157158,14963.042568206596,32694.66647002429,44543.62959101074
male_AF_left,75.96156156156157,14952.163602653787,32686.390568033683,44537.30505524159
male_AF_left,76.05155155155155,14941.29195683202,32678.126128208125,44530.99668710935
male_AF_left,76.14154154154154,14930.427619845776,32669.873135886235,44524.7044722557
male_AF_left,76.23153153153153,14919.570580809332,32661.63157640485,44518.42839631765
male_AF_left,76.32152152152152,14908.72082884648,32653.401435098283,44512.16844492651
male_AF_left,76.41151151151152,14897.878353091117,32645.18269729973,44505.9246037098
male_AF_left,76.50150150150151,14887.04314268701,32636.975348340555,44499.6968582903
male_AF_left,76.5914914914915,14876.215186787907,32628.77937355068,44493.48519428654
male_AF_left,76.68148148148148,14865.394474557896,32620.594758259223,44487.28959731368
male_AF_left,76.77147147147147,14854.580995171176,32612.421487794007,44481.11005298286
male_AF_left,76.86146146146146,14843.774737812371,32604.2595474823,44474.94654690212
male_AF_left,76.95145145145145,14832.975691676498,32596.108922650597,44468.79906467621
male_AF_left,77.04144144144145,14822.183845969215,32587.9695986252,44462.66759190731
male_AF_left,77.13143143143144,14811.399189906742,32579.84156073202,44456.552114194725
male_AF_left,77.22142142142143,14800.621712716018,32571.72479429694,44450.45261713549
male_AF_left,77.31141141141141,14789.851403634812,32563.619284645967,44444.369086324434
male_AF_left,77.4014014014014,14779.088251911802,32555.525017105418,44438.30150735456
male_AF_left,77.49139139139139,14768.332246806644,32547.44197700205,44432.2498658171
male_AF_left,77.58138138138138,14757.583377590126,32539.370149663395,44426.21414730205
male_AF_left,77.67137137137138,14746.841633544123,32531.30952041758,44420.19433739791
male_AF_left,77.76136136136137,14736.107003961788,32523.26007459383,44414.190421692285
male_AF_left,77.85135135135135,14725.379478147592,32515.221797522427,44408.20238577198
male_AF_left,77.94134134134134,14714.659045417548,32507.19467453525,44402.2302152236
male_AF_left,78.03133133133133,14703.945695098902,32499.17869096508,44396.27389563262
male_AF_left,78.12132132132132,14693.239416530736,32491.17383214688,44390.33341258518
male_AF_left,78.21131131131132,14682.54019906366,32483.180083417104,44384.40875166712
male_AF_left,78.30130130130131,14671.848032060045,32475.1974301142,44378.49989846465
male_AF_left,78.3912912912913,14661.162904894072,32467.225857578745,44372.6068385645
male_AF_left,78.48128128128128,14650.48480695185,32459.265351153572,44366.72955755419
male_AF_left,78.57127127127127,14639.813727631345,32451.315896183747,44360.86804102184
male_AF_left,78.66126126126126,14629.149656342675,32443.377478017108,44355.02227455712
male_AF_left,78.75125125125125,14618.49258250807,32435.45008200416,44349.192243750855
male_AF_left,78.84124124124125,14607.84249556184,32427.53369349802,44343.37793419515
male_AF_left,78.93123123123124,14597.199384950663,32419.628297855063,44337.57933148422
male_AF_left,79.02122122122123,14586.563240133552,32411.733880434804,44331.79642121407
male_AF_left,79.11121121121121,14575.9340505818,32403.850426599714,44326.02918898253
male_AF_left,79.2012012012012,14565.311805779302,32395.977921716047,44320.27762039009
male_AF_left,79.29119119119119,14554.696495222432,32388.11635115344,44314.541701039605
male_AF_left,79.38118118118118,14544.088108420192,32380.26570028524,44308.82141653653
male_AF_left,79.47117117117118,14533.486634894183,32372.425954488517,44303.11675248909
male_AF_left,79.56116116116117,14522.892064178868,32364.597099144543,44297.427694508806
male_AF_left,79.65115115115115,14512.304385821462,32356.779119638573,44291.75422821032
male_AF_left,79.74114114114114,14501.723589381974,32348.972001359925,44286.09633921144
male_AF_left,79.83113113113113,14491.149664433437,32341.175729702485,44280.45401313378
male_AF_left,79.92112112112112,14480.582600561902,32333.390290064694,44274.82723560285
male_AF_left,80.01111111111112,14470.022387366414,32325.61566784942,44269.2159922478
male_AF_left,80.10110110110111,14459.469014459068,32317.851848464183,44263.62026870176
male_AF_left,80.1910910910911,14448.92247146529,32310.09881732166,44258.04005060248
male_AF_left,80.28108108108108,14438.382748023676,32302.356559839383,44252.475323592014
male_AF_left,80.37107107107107,14427.849833786102,32294.625061439983,44246.92607331699
male_AF_left,80.46106106106106,14417.32371841779,32286.90430755128,44241.39228542868
male_AF_left,80.55105105105105,14406.804391597389,32279.194283606463,44235.87394558337
male_AF_left,80.64104104104105,14396.29184301707,32271.49497504438,44230.37103944269
male_AF_left,80.73103103103104,14385.786062382387,32263.806367309076,44224.88355267291
male_AF_left,80.82102102102102,14375.28703941265,32256.128445850733,44219.41147094639
male_AF_left,80.91101101101101,14364.794763840691,32248.461196125118,44213.95477994067
male_AF_left,81.001001001001,14354.309225412992,32240.80460359379,44208.51346533887
male_AF_left,81.09099099099099,14343.830413889871,32233.15865372465,44203.08751283033
male_AF_left,81.18098098098099,14333.35831904538,32225.5233319916,44197.67690811027
male_AF_left,81.27097097097098,14322.892930667427,32217.89862387475,44192.28163687994
male_AF_left,81.36096096096097,14312.434238557822,32210.28451486068,44186.90168484711
male_AF_left,81.45095095095095,14301.982232532302,32202.68099044244,44181.53703772597
male_AF_left,81.54094094094094,14291.5369024206,32195.088036119607,44176.18768123725
male_AF_left,81.63093093093093,14281.098238066465,32187.5056373984,44170.85360110839
male_AF_left,81.72092092092092,14270.666229327717,32179.933779791827,44165.53478307371
male_AF_left,81.81091091091092,14260.24086607642,32172.37244882,44160.23121287488
male_AF_left,81.90090090090091,14249.822138198731,32164.821630009825,44154.942876260415
male_AF_left,81.9908908908909,14239.410035595009,32157.281308895243,44149.66975898617
male_AF_left,82.08088088088088,14229.004548179946,32149.75147101753,44144.41184681559
male_AF_left,82.17087087087087,14218.605665882473,32142.232101925085,44139.169125519424
male_AF_left,82.26086086086086,14208.213378645984,32134.72318717391,44133.94158087657
male_AF_left,82.35085085085085,14197.827676428262,32127.22471232743,44128.72919867357
male_AF_left,82.44084084084085,14187.44854920138,32119.736662956333,44123.53196470462
male_AF_left,82.53083083083084,14177.075986952095,32112.25902463937,44118.34986477249
male_AF_left,82.62082082082082,14166.709979681653,32104.79178296298,44113.18288468816
male_AF_left,82.71081081081081,14156.350517405726,32097.33492352113,44108.03101027049
male_AF_left,82.8008008008008,14145.997590154751,32089.888431916057,44102.89422734729
male_AF_left,82.89079079079079,14135.651187973812,32082.452293758022,44097.772521755
male_AF_left,82.98078078078079,14125.311300922504,32075.026494665013,44092.665879338216
male_AF_left,83.07077077077078,14114.97791907541,32067.611020263783,44087.57428595121
male_AF_left,83.16076076076077,14104.651032521668,32060.20585618891,44082.49772745657
male_AF_left,83.25075075075075,14094.330631365325,32052.810988083573,44077.43618972628
male_AF_left,83.34074074074074,14084.016705725173,32045.4264015992,44072.38965864128
male_AF_left,83.43073073073073,14073.70924573504,32038.052082396123,44067.3581200923
male_AF_left,83.52072072072072,14063.408241543464,32030.688016142845,44062.34155997892
male_AF_left,83.61071071071072,14053.113683314095,32023.334188516903,44057.33996421075
male_AF_left,83.70070070070071,14042.825561225503,32015.99058520451,44052.35331870684
male_AF_left,83.7906906906907,14032.543865471178,32008.657191900544,44047.38160939584
male_AF_left,83.88068068068068,14022.268586259792,32001.33399430908,44042.42482221658
male_AF_left,83.97067067067067,14011.99971381508,31994.020978143155,44037.48294311785
male_AF_left,84.06066066066066,14001.737238375808,31986.71812912479,44032.55595805837
male_AF_left,84.15065065065065,13991.481150195928,31979.425432985183,44027.6438530071
male_AF_left,84.24064064064065,13981.23143954458,31972.14287546485,44022.746613943375
male_AF_left,84.33063063063064,13970.988096706114,31964.87044231353,44017.86422685687
male_AF_left,84.42062062062062,13960.751111980084,31957.60811929041,44012.996677747855
male_AF_left,84.51061061061061,13950.520475681316,31950.35589216403,44008.14395262704
male_AF_left,84.6006006006006,13940.296178139972,31943.113746712606,44003.30603751612
male_AF_left,84.69059059059059,13930.078209701427,31935.881668723672,43998.48291844713
male_AF_left,84.78058058058059,13919.866560726605,31928.65964399488,43993.67458146376
male_AF_left,84.87057057057058,13909.661221591588,31921.447658333087,43988.88101261984
male_AF_left,84.96056056056057,13899.462182688025,31914.245697555336,43984.10219798099
male_AF_left,85.05055055055055,13889.269434422917,31907.05374748832,43979.3381236236
male_AF_left,85.14054054054054,13879.082967218756,31899.87179396876,43974.588775635566
male_AF_left,85.23053053053053,13868.902771513454,31892.699822843188,43969.85414011589
male_AF_left,85.32052052052052,13858.728837760596,31885.53781996857,43965.13420317555
male_AF_left,85.41051051051052,13848.561156429125,31878.385771211582,43960.42895093655
male_AF_left,85.50050050050051,13838.399718003617,31871.24366244925,43955.73836953274
male_AF_left,85.5904904904905,13828.24451298426,31864.111479568917,43951.06244510984
male_AF_left,85.68048048048048,13818.095531886822,31856.98920846813,43946.40116382526
male_AF_left,85.77047047047047,13807.952765242637,31849.876835054656,43941.75451184809
male_AF_left,85.86046046046046,13797.816203598886,31842.774345247148,43937.122475360105
male_AF_left,85.95045045045045,13787.685837518153,31835.68172497405,43932.50504055418
male_AF_left,86.04044044044045,13777.561657579006,31828.59896017509,43927.90219363637
male_AF_left,86.13043043043044,13767.44365437551,31821.5260368,43923.31392082418
male_AF_left,86.22042042042042,13757.331818517574,31814.46294080941,43918.74020834778
male_AF_left,86.31041041041041,13747.22614063082,31807.40965817456,43914.18104244961
male_AF_left,86.4004004004004,13737.126611356724,31800.3661748776,43909.6364093848
male_AF_left,86.49039039039039,13727.033221352527,31793.332476911408,43905.10629542096
male_AF_left,86.58038038038039,13716.945961291209,31786.308550279537,43900.590686838
male_AF_left,86.67037037037038,13706.864821861727,31779.294380996773,43896.089569929056
male_AF_left,86.76036036036037,13696.789793768889,31772.289955088843,43891.60293099997
male_AF_left,86.85035035035035,13686.720867733187,31765.29525859208,43887.1307563689
male_AF_left,86.94034034034034,13676.65803449127,31758.31027755444,43882.67303236767
male_AF_left,87.03033033033033,13666.60128479552,31751.33499803461,43878.22974534065
male_AF_left,87.12032032032032,13656.550609414298,31744.36940610256,43873.80088164535
male_AF_left,87.21031031031032,13646.505999131909,31737.41348783948,43869.38642765253
male_AF_left,87.30030030030031,13636.46744474868,31730.467229337908,43864.98636974623
male_AF_left,87.3902902902903,13626.434937080823,31723.530616701555,43860.600694323606
male_AF_left,87.48028028028028,13616.4084669606,31716.603636045525,43856.22938779526
male_AF_left,87.57027027027027,13606.388025236292,31709.686273496427,43851.87243658531
male_AF_left,87.66026026026026,13596.373602772115,31702.77851519205,43847.529827131024
male_AF_left,87.75025025025025,13586.365190448432,31695.88034728197,43843.20154588362
male_AF_left,87.84024024024025,13576.362779161598,31688.991755927123,43838.88757930775
male_AF_left,87.93023023023024,13566.366359824133,31682.112727300235,43834.58791388198
male_AF_left,88.02022022022022,13556.375923364429,31675.24324758521,43830.30253609805
male_AF_left,88.11021021021021,13546.391460727176,31668.38330297804,43826.03143246213
male_AF_left,88.2002002002002,13536.412962873086,31661.532879686267,43821.77458949401
male_AF_left,88.29019019019019,13526.440420778996,31654.691963929155,43817.53199372741
male_AF_left,88.38018018018019,13516.473825437826,31647.860541937665,43813.3036317099
male_AF_left,88.47017017017018,13506.51316785876,31641.0385999548,43809.08949000345
male_AF_left,88.56016016016017,13496.55843906702,31634.22612423521,43804.88955518385
male_AF_left,88.65015015015015,13486.609630104062,31627.42310104561,43800.70381384122
male_AF_left,88.74014014014014,13476.666732027474,31620.62951666449,43796.53225257978
male_AF_left,88.83013013013013,13466.729735911058,31613.84535738243,43792.374858018135
male_AF_left,88.92012012012012,13456.798632844802,31607.070609501945,43788.23161678916
male_AF_left,89.01011011011012,13446.873413934953,31600.30525933773,43784.10251554028
male_AF_left,89.10010010010011,13436.954070303833,31593.54929321623,43779.98754093294
male_AF_left,89.1900900900901,13427.04059309019,31586.802697476487,43775.886679643736
male_AF_left,89.28008008008008,13417.132973448786,31580.06545846916,43771.799918363104
male_AF_left,89.37007007007007,13407.231202550824,31573.337562557503,43767.72724379664
male_AF_left,89.46006006006006,13397.335271583655,31566.618996116853,43763.66864266438
male_AF_left,89.55005005005005,13387.445171750946,31559.909745534773,43759.62410170111
male_AF_left,89.64004004004005,13377.56089427254,31553.209797211035,43755.59360765624
male_AF_left,89.73003003003004,13367.682430384635,31546.519137557807,43751.57714729408
male_AF_left,89.82002002002002,13357.809771339693,31539.83775299957,43747.57470739382
male_AF_left,89.91001001001001,13347.942908406474,31533.16562997325,43743.58627474955
male_AF_left,90.0,13338.081832870028,31526.50275492808,43739.61183617028
