ROI,Age_At_Visit,centile_5,centile_10,centile_25,centile_50,centile_75,centile_90,centile_95
702,20.5338809034908,1215650.54502426,1252156.9443202,1324204.33958417,1425560.76413754,1539726.112394,1640142.94713486,1698971.99466047
702,21.5338809034908,1214783.15692596,1251396.00291663,1323578.75057528,1424972.83882963,1539076.60163733,1639433.31614995,1698230.20847123
702,22.5338809034908,1213915.05172066,1250634.87110396,1322953.44375758,1424385.08804033,1538427.07079928,1638723.72904361,1697488.55559245
702,23.5338809034908,1213046.27946895,1249873.58018042,1322328.45137519,1423797.62177688,1537777.72788305,1638014.40959689,1696747.23232472
702,24.5338809034908,1212176.83582723,1249112.13320292,1321703.77900915,1423210.43214117,1537128.54854296,1637305.33083078,1696006.21633541
702,25.5338809034908,1211306.7267702,1248350.53918039,1321079.43774957,1422623.53144464,1536479.54704847,1636596.50699072,1695265.52097857
702,26.5338809034908,1210435.95871759,1247588.80797656,1320455.43941992,1422036.93089847,1535830.73427053,1635887.94829122,1694525.15593341
702,27.5338809034908,1209564.53748985,1246826.94888631,1319831.79525987,1421450.64104678,1535182.12032357,1635179.66416027,1693785.13010034
702,28.5338809034908,1208692.47250877,1246064.97489896,1319208.52033853,1420864.67643868,1534533.7195173,1634471.66836567,1693045.45679435
702,29.5338809034908,1207819.78533688,1245302.91139929,1318585.64255028,1420279.06499131,1533885.56008888,1633763.98904933,1692306.16394766
702,30.5338809034908,1206946.50532154,1244540.79174274,1317963.19806173,1419693.84327446,1533237.67932907,1633056.66373415,1691567.28905544
702,31.5338809034908,1206072.65783898,1243778.6452507,1317341.21883055,1419109.0433917,1532590.10979124,1632349.72498299,1690828.86453013
702,32.5338809034908,1205198.30010469,1243016.53396139,1316719.77117176,1418524.73401762,1531942.92302212,1631643.24643872,1690090.96506997
702,33.5338809034908,1204323.54387288,1242254.57595014,1316098.98026693,1417941.04650736,1531296.25740811,1630937.37216478,1689353.73786217
702,34.5338809034908,1203448.51642868,1241492.90530406,1315478.98816294,1417358.13018587,1530650.27049678,1630232.26641986,1688617.35089205
702,35.5338809034908,1202573.3446918,1240731.65583244,1314859.93672476,1416776.13427472,1530005.11981278,1629528.09352759,1687881.97227093
702,36.5338809034908,1201698.22853811,1239971.03702686,1314242.04878748,1416195.29631406,1529361.05946104,1628825.12170306,1687147.87830724
702,37.5338809034908,1200823.44729205,1239211.34085021,1313625.63549953,1415615.95022256,1528718.44895163,1628123.7325479,1686415.46339507
702,38.5338809034908,1199949.28501993,1238452.86435028,1313011.01363646,1415038.4361387,1528077.65459216,1627424.31497206,1685685.12954273
702,39.5338809034908,1199076.02437272,1237695.90331023,1312398.49886191,1414463.0931187,1527439.04155659,1626727.25673137,1684957.27760955
702,40.5338809034908,1198203.94669655,1236940.75254267,1311788.4063318,1413890.26008822,1526802.97526698,1626032.94634077,1684232.3096037
702,41.5338809034908,1197333.33229985,1236187.70607837,1311181.0507492,1413320.27574667,1526169.82110391,1625341.77253258,1683510.62795314
702,42.5338809034908,1196464.46139333,1235437.0580307,1310576.74710657,1412753.4791858,1525539.94485854,1624654.12446608,1682792.6355269
702,43.5338809034908,1195597.57552021,1234689.06272074,1309975.76828534,1412190.16403953,1524913.6630624,1623970.33869504,1682078.68062837
702,44.5338809034908,1194732.80444837,1233943.85906026,1309378.26460477,1411630.49146943,1524291.14873108,1623290.59853991,1681368.95262644
702,45.5338809034908,1193870.24801498,1233201.55511976,1308784.35368149,1411074.58730294,1523672.53659844,1622615.04644966,1680663.5985014
702,46.5338809034908,1193010.00494715,1232462.25792418,1308194.15211489,1410522.57630905,1523057.96026763,1621943.8236835,1679962.76401198
702,47.5338809034908,1192152.07168725,1231725.96909051,1307607.66506815,1409974.46371494,1522447.42491263,1621276.93523019,1679266.45402779
702,48.5338809034908,1191296.29246637,1230992.5332666,1307024.73163802,1409430.07656142,1521840.74428889,1620614.18298041,1678574.46343672
702,49.5338809034908,1190442.4993098,1230261.78248735,1306445.17750424,1408889.2274506,1521237.71664674,1619955.35237795,1677886.57012275
702,50.5338809034908,1189590.51405486,1229533.53826221,1305868.81716337,1408351.71700154,1520638.12743917,1619300.21533924,1677202.5380046
702,51.5338809034908,1188740.02537613,1228807.48481518,1305295.32013125,1407817.19097048,1520041.59661815,1618648.36874935,1676521.95027886
702,52.5338809034908,1187890.63135765,1228083.21289583,1304724.25709713,1407285.18950487,1519447.63128251,1617999.29014205,1675844.26690587
702,53.5338809034908,1187041.92931143,1227360.31232647,1304155.19756387,1406755.25139512,1518855.73710174,1617352.45554389,1675168.94628399
702,54.5338809034908,1186193.53924248,1226638.39613332,1303587.73525853,1406226.94121246,1518265.44731815,1616707.37005961,1674495.47673946
702,55.5338809034908,1185345.18512416,1225917.18413729,1303021.57616762,1405699.94333982,1517676.42323466,1616063.67382139,1673823.48558502
702,56.5338809034908,1184496.62216426,1225196.42819962,1302456.45987542,1405173.97798438,1517088.36445833,1615421.04735667,1673152.64171614
702,57.5338809034908,1183647.60695505,1224475.88153578,1301892.1272654,1404648.7666898,1516500.97204716,1614779.17273694,1672482.6156244
702,58.5338809034908,1182798.00029688,1223755.40478372,1301328.43268387,1404124.15248588,1515914.0772882,1614137.86993921,1671813.22021589
702,59.5338809034908,1181947.86960064,1223035.07170923,1300765.45581021,1403600.21975958,1515327.77016994,1613497.23288272,1671144.55129735
702,60.5338809034908,1181097.30647062,1222314.98111014,1300203.30284882,1403077.08133189,1514742.17116063,1612857.38776698,1670476.73801886
702,61.5338809034908,1180246.40806019,1221595.23761211,1299642.08625484,1402554.85674947,1514157.40794554,1612218.46846706,1669809.91749192
702,62.5338809034908,1179395.38396771,1220876.06235833,1299082.04228316,1402033.79833192,1513573.75061897,1611580.76019754,1669144.38363912
702,63.5338809034908,1178544.54498639,1220157.78143652,1298523.51878901,1401514.27811989,1512991.59767423,1610944.68462181,1668480.57176671
702,64.5338809034908,1177694.20465574,1219440.7239849,1297966.86707617,1400996.67192242,1512411.35163122,1610310.66768412,1667818.92162639
702,65.5338809034908,1176844.64863351,1218725.19060194,1297412.4084845,1400481.32349412,1511833.38062244,1609679.09896161,1667159.83547433
702,66.5338809034908,1175995.98462961,1218011.29860057,1296860.27075259,1399968.36907809,1511257.83025523,1609050.13270293,1666503.47289687
702,67.5338809034908,1175148.24851306,1217299.09132693,1296310.50349154,1399457.86116578,1510684.75632335,1608423.82817605,1665849.89553563
702,68.5338809034908,1174301.47576375,1216588.6118114,1295763.15602909,1398949.85194716,1510114.21429262,1607800.24430297,1665199.16467666
702,69.5338809034908,1173482.67771045,1215907.86553408,1295248.07813818,1398476.57313243,1509581.00479277,1607216.4604454,1664589.70856334
702,70.5338809034908,1172610.94908113,1215172.99675368,1294675.90948155,1397941.53426858,1508980.94855319,1606561.4792235,1663906.49511028
702,71.5338809034908,1171767.25076202,1214467.93397021,1294136.09936244,1397441.32547934,1508418.33671702,1605946.42176062,1663264.68775899
702,72.5338809034908,1170924.63033498,1213764.74714978,1293598.88839611,1396943.81427402,1507858.47791766,1605334.32792791,1662625.98399901
702,73.5338809034908,1170083.06177571,1213063.41678816,1293064.26108502,1396448.98504361,1507301.35665396,1604725.18274206,1661990.36939925
702,74.5338809034908,1169242.45801956,1212363.85968635,1292532.13321451,1395956.74696304,1506746.87516217,1604118.88260351,1661357.73710501
702,75.5338809034908,1168402.72857626,1211665.98909373,1292002.4167083,1395467.00495168,1506194.93102326,1603515.31889688,1660727.97502792
702,76.5338809034908,1167563.77614013,1210969.71121919,1291475.01596515,1394979.65580456,1505645.41308566,1602914.37372993,1660100.96147613
702,77.5338809034908,1166725.43910519,1210274.86560513,1290949.76434778,1394494.51984325,1505098.12798512,1602315.84185755,1659476.48433562
702,78.5338809034908,1165887.52128818,1209581.25591213,1290426.45691801,1394011.3761256,1504552.83800407,1601719.47091142,1658854.28271291
702,79.5338809034908,1165049.82659624,1208888.68585948,1289904.88869584,1393530.00361171,1504009.30533069,1601125.00842804,1658234.09561503
702,80.5338809034908,1164212.164775,1208196.96537156,1289384.86157985,1393050.18914238,1503467.30120094,1600532.21200563,1657615.67269846
702,81.5338809034908,1163374.36574615,1207505.92595547,1288866.20174113,1392571.74757897,1502926.62904856,1599940.87507525,1656998.80156695
702,82.5338809034908,1162536.26425511,1206815.40427867,1288348.74110334,1392094.50038516,1502387.09987723,1599350.79946904,1656383.2787039
702,83.5338809034908,1161697.69563204,1206125.23761922,1287832.31218397,1391618.26962902,1501848.52533522,1598761.78768569,1655768.90126602
702,84.5338809034908,1160858.51458454,1205435.28327301,1287316.76861906,1391142.89990707,1501310.74111021,1598173.66757262,1655155.49252068
702,85.5338809034908,1160018.60612842,1204745.42985494,1286801.99713047,1390668.27113292,1500773.62057461,1597586.30672259,1654542.91668432
702,86.5338809034908,1159177.85806083,1204055.56888489,1286287.88748955,1390194.26645841,1500237.04055421,1596999.57635965,1653931.04170445
702,87.5338809034908,1158336.15999943,1203365.59378329,1285774.33143254,1389720.77108938,1499700.8800366,1596413.34994871,1653319.73780928
702,88.5338809034908,1157493.4243905,1202675.42139998,1285261.24514287,1389247.69597502,1499165.04510041,1595827.52914896,1652708.90403508
702,89.5338809034908,1156649.58009721,1201984.98545264,1284748.56240903,1388774.97060228,1498629.4613332,1595242.03592349,1652098.46016462
702,90.5338809034908,1155804.55623732,1201294.21995596,1284236.2173233,1388302.52480527,1498094.05472899,1594656.79265228,1651488.32638544
702,91.5338809034908,1154958.29056541,1200603.0637281,1283724.14896913,1387830.30644151,1497558.78371801,1594071.75552075,1650878.45238723
702,92.5338809034908,1154110.75337139,1199911.48827878,1283212.33079171,1387358.30229851,1497023.6504667,1593486.92641446,1650268.83373404
702,93.5338809034908,1153261.91227972,1199219.50515615,1282700.77892938,1386886.41344112,1496488.42953342,1592902.07091821,1649659.27689875
702,94.5338809034908,1152411.737163,1198527.12771399,1282189.51142516,1386414.54586035,1495952.90466313,1592316.96496407,1649049.59788864
702,95.5338809034908,1151560.21430374,1197834.35849675,1281678.53444162,1385942.67828221,1495417.02624935,1591731.55789071,1648439.75574638
702,96.5338809034908,1150707.33467105,1197141.19672625,1281167.85050012,1385470.81070407,1494880.7935076,1591145.84973634,1647829.75123537
701,20.5338809034908,1101321.04375601,1136973.11187324,1207012.11422486,1304119.22071823,1408286.70085908,1493343.4572494,1540363.75120637
701,21.5338809034908,1098954.20491034,1134572.13933771,1204515.28964143,1301444.41981485,1405440.1407405,1490426.71891915,1537440.92670354
701,22.5338809034908,1096590.92531758,1132174.79588005,1202022.18806006,1298773.3362986,1402597.2209731,1487513.65524453,1534521.87062967
701,23.5338809034908,1094233.00478634,1129783.02048939,1199534.92927229,1296108.18361482,1399760.24969404,1484606.78880328,1531609.29199249
701,24.5338809034908,1091880.07910209,1127396.51296449,1197053.24221967,1293448.56671376,1396928.69106811,1481705.61012505,1528702.76611079
701,25.5338809034908,1089531.90305468,1125015.12015281,1194577.02919613,1290794.25111239,1394102.15395877,1478809.78432152,1525802.08068707
701,26.5338809034908,1087187.98993697,1122638.46150742,1192105.96497708,1288144.72683097,1391279.91781763,1475918.64425999,1522906.71015268
701,27.5338809034908,1084847.85697841,1120266.1545228,1189639.71836095,1285499.48461249,1388461.27026906,1473031.52663867,1520016.12539783
701,28.5338809034908,1082510.98413322,1117897.81911869,1187177.98716997,1282857.99306508,1385645.41762981,1470147.71447457,1517129.79669775
701,29.5338809034908,1080176.70394681,1115533.06268996,1184720.54624032,1280219.62240777,1382831.26556472,1467266.28317004,1514247.16631031
701,30.5338809034908,1077844.28994325,1113171.51654087,1182267.2506971,1277583.71832006,1380017.57364995,1464386.22083062,1511367.70049416
701,31.5338809034908,1075512.97882241,1110812.74248197,1179817.86152391,1274949.56367798,1377203.07445227,1461506.46178418,1508490.76978212
701,32.5338809034908,1073182.51607601,1108457.06097571,1177373.09635727,1272317.17120647,1374386.96314851,1458626.61749814,1505616.75566263
701,33.5338809034908,1070853.52106356,1106106.09322616,1174935.31214024,1269687.80588541,1371569.23101332,1455747.46259571,1502747.77361283
701,34.5338809034908,1068526.85824238,1103761.83075307,1172507.33501041,1267063.08265271,1368750.07750905,1452870.08653319,1499886.42493351
701,35.5338809034908,1066203.41056498,1101426.26535288,1170091.97903244,1264444.62147362,1365929.72502992,1449995.58799098,1497035.3004133
701,36.5338809034908,1063885.9597589,1099103.26030664,1167693.98810818,1261836.23874318,1363110.88589549,1447127.63684416,1494199.53023804
701,37.5338809034908,1061579.34980319,1096798.70837674,1165320.19662456,1259244.13514818,1360298.9810863,1444272.69765626,1491386.99996068
701,38.5338809034908,1059288.5315074,1094518.61651414,1162977.56166661,1256674.63090755,1357499.54598573,1441437.35842653,1488605.73233949
701,39.5338809034908,1057018.36887778,1092268.86774439,1160672.8847113,1254133.91287423,1354718.00866087,1438628.06371696,1485863.56079378
701,40.5338809034908,1054773.43509612,1090054.71046575,1158412.07419692,1251627.6278753,1351959.66918319,1435850.85172257,1483167.45551123
701,41.5338809034908,1052558.13390039,1087881.04246257,1156200.54953084,1249161.11409985,1349229.73029624,1433111.51304159,1480523.89828692
701,42.5338809034908,1050376.86077015,1085752.76938171,1154043.74561035,1246739.69587522,1346533.34768245,1430415.79671733,1477939.35205392
701,43.5338809034908,1048232.89213072,1083673.6280182,1151945.84283821,1244367.34789954,1343874.22623847,1427767.89505874,1475418.657049
701,44.5338809034908,1046126.28581493,1081643.95788166,1149907.35990062,1242044.1697506,1341251.97301339,1425167.58341581,1472961.99685149
701,45.5338809034908,1044056.2611642,1079663.2237821,1147927.87431119,1239769.24261912,1338665.09430868,1422613.4521336,1470568.3209059
701,46.5338809034908,1042022.03019733,1077730.89488034,1146006.96857351,1237541.62460873,1336112.04194336,1420104.03242064,1468236.53443987
701,47.5338809034908,1040019.70386846,1075842.9855072,1144140.38470795,1235356.54261869,1333587.47187142,1417633.61268332,1465960.82288925
701,48.5338809034908,1038040.77692068,1073990.34739111,1142318.11846261,1233203.5256544,1331080.43421474,1415190.20321409,1463728.35556828
701,49.5338809034908,1036076.43730548,1072163.47740119,1140529.75666807,1231071.70603909,1328579.60001597,1412761.3698756,1461525.78833352
701,50.5338809034908,1034117.78566763,1070352.62152669,1138764.50963197,1228950.02098608,1326073.65770022,1410334.55899685,1459339.43281397
701,51.5338809034908,1032153.91298372,1068544.00427218,1137006.07243336,1226824.06903158,1323550.5022812,1407894.84141153,1457150.51056163
701,52.5338809034908,1030172.54796222,1066721.04877325,1135234.29103879,1224677.21546836,1320997.68284414,1405425.84729488,1454936.85466618
701,53.5338809034908,1028161.44526493,1064867.07814963,1133428.85161891,1222492.89791331,1318403.08827419,1402911.50634539,1452676.41738658
701,54.5338809034908,1026109.00197041,1062965.8678636,1131569.82103871,1220255.33144114,1315755.83853079,1400336.93854485,1450348.07546586
701,55.5338809034908,1024006.47551272,1061003.52383168,1129639.39002365,1217951.96429085,1313049.55184021,1397691.61573329,1447934.3344592
701,56.5338809034908,1021845.96697334,1058966.77916292,1127620.30843505,1215571.27252921,1310279.41047273,1394966.54736908,1445418.93577707
701,57.5338809034908,1019619.60428712,1056842.3342968,1125495.29790106,1213101.86457524,1307440.91497045,1392153.09657036,1442785.88276733
701,58.5338809034908,1017322.22574687,1054620.11955231,1123250.8157669,1210535.85851425,1304532.79553454,1389246.43667328,1440023.67768887
701,59.5338809034908,1014954.04199579,1052296.54895361,1120880.8087103,1207872.21550953,1301559.84154054,1386248.91830869,1437129.48769802
701,60.5338809034908,1012515.90855038,1049868.87019501,1118380.21223891,1205110.73273959,1298527.50594605,1383163.7235159,1434101.55007452
701,61.5338809034908,1010008.91440166,1047334.79200936,1115744.56870635,1202251.53025726,1295441.2466963,1379994.17975676,1430938.53462592
701,62.5338809034908,1007438.04298232,1044698.63095445,1112978.00112772,1199300.36373227,1292308.72207459,1376747.85839025,1427647.00458217
701,63.5338809034908,1004811.77627402,1041970.66729039,1110092.37064819,1196268.0146108,1289139.45079396,1373436.0173257,1424240.53375243
701,64.5338809034908,1002138.72228924,1039161.49748858,1107099.94123331,1193165.36135723,1285942.70188386,1370069.72224122,1420732.75573533
701,65.5338809034908,999426.976542713,1036281.50832617,1104012.91211997,1190002.69980435,1282726.57009489,1366658.97724569,1417136.65032899
701,66.5338809034908,996681.344018639,1033339.27096641,1100842.50807402,1186787.02116497,1279493.15850299,1363208.58573298,1413462.00093053
701,67.5338809034908,993905.284467409,1030342.58450173,1097599.51262051,1183523.96090763,1276242.15263459,1359721.2455896,1409717.27853328
701,68.5338809034908,991102.209042981,1027299.16303776,1094294.61112292,1180219.10148896,1272973.2263604,1356199.63408544,1405910.90549807
701,69.5338809034908,988234.344857533,1024166.12773009,1090879.67430165,1176825.45127136,1269641.07697464,1352592.41454014,1401984.46982384
701,70.5338809034908,985433.528648301,1021106.99801054,1087545.61895017,1173511.95118044,1266387.99044613,1349071.88950907,1398153.45335626
701,71.5338809034908,982580.426678671,1017978.38239549,1084127.31721573,1170127.39974122,1263079.99980276,1345479.96545323,1394226.86603479
701,72.5338809034908,979723.161721191,1014841.30972803,1080696.74169818,1166734.0919934,1259767.73369103,1341879.20173004,1390284.86296101
701,73.5338809034908,976867.008219987,1011704.55400362,1077265.32793762,1163339.83170523,1256454.71028478,1338275.93444805,1386338.55836088
701,74.5338809034908,974016.151200631,1008575.65370804,1073843.16071278,1159951.16493444,1253143.29054321,1334675.23249551,1382397.6235917
701,75.5338809034908,971174.631210294,1005461.87874966,1070439.99210043,1156574.49385595,1249835.89761984,1331082.18189478,1378471.60056029
701,76.5338809034908,968346.176674096,1002369.90365822,1067064.78973056,1153215.7901426,1246534.9271439,1327501.66053461,1374569.45551022
701,77.5338809034908,965532.29503811,999302.571711311,1063721.47210278,1149877.66531281,1243241.40762196,1323935.88834114,1370695.29565937
701,78.5338809034908,962733.309047945,996260.686908142,1060411.26427925,1146560.92174155,1239955.60488109,1320385.62445419,1366850.59548123
701,79.5338809034908,959949.530388047,993245.01933249,1057135.33734072,1143266.33457353,1236677.78803688,1316851.61012809,1363036.78207495
701,80.5338809034908,957181.210120537,990255.920977263,1053894.18285833,1139994.41737334,1233408.45751203,1313334.54085928,1359254.74396289
701,81.5338809034908,954428.379857259,987292.269883905,1050685.90663901,1136744.75601869,1230148.91093947,1309834.94027017,1355503.45926568
701,82.5338809034908,951691.032874974,984352.659351954,1047508.14098148,1133516.73030619,1226900.56260959,1306353.24038475,1351781.4644211
701,83.5338809034908,948969.168210546,981435.736280459,1044358.59632113,1130309.72188791,1223664.74534349,1302889.80980018,1348087.28938571
701,84.5338809034908,946262.429850638,978540.078447297,1041235.09631341,1127122.82380923,1220442.03718546,1299444.44431811,1344419.27992575
701,85.5338809034908,943569.89940338,975664.116311585,1038135.58639508,1123954.67503229,1217231.8897073,1296016.0867961,1340775.4996164
701,86.5338809034908,940890.622676613,972806.296052488,1035058.05954266,1120803.88884243,1214033.64513603,1292603.60091471,1337154.00048883
701,87.5338809034908,938223.653939256,969965.083701761,1032000.533972,1117669.08462254,1210846.63150265,1289205.8391923,1333552.83555037
701,88.5338809034908,935567.987860929,967138.837604607,1028960.88009106,1114548.77571298,1207670.12329132,1285821.55432218,1329969.88716629
701,89.5338809034908,932922.580738879,964325.848359524,1025936.87504734,1111441.40492481,1204503.35428709,1282449.42788009,1326402.92163981
701,90.5338809034908,930286.399993711,961524.432142296,1022926.33012758,1108345.42771255,1201345.54777264,1279088.13770092,1322849.71778836
701,91.5338809034908,927658.966316705,958733.532067085,1019927.75888895,1105259.98591443,1198196.59175854,1275737.11251877,1319308.90503792
701,92.5338809034908,925040.402463615,955952.978226793,1016940.79157479,1102185.08028225,1195056.92286704,1272396.58154299,1315780.30936204
701,93.5338809034908,922426.670532918,953178.570125139,1013960.9367945,1099115.85689327,1191921.29036233,1269060.92609476,1312258.08571804
701,94.5338809034908,919813.909174472,950406.307250928,1010983.92745092,1096047.68219512,1188784.65727265,1265724.7688713,1308736.66269009
701,95.5338809034908,917201.244181803,947635.271383908,1008008.77903621,1092979.50762666,1185645.90343424,1262386.90746315,1305214.77941361
701,96.5338809034908,914588.674995124,944865.445893458,1005035.46720362,1089911.33305819,1182505.05404977,1259047.36035791,1301692.43576281
601,20.5338809034908,650873.62292084,663943.614260195,692651.448564417,737374.894481139,785624.10818957,820816.523006793,838111.484285306
601,21.5338809034908,646667.081495808,659982.964558266,689034.713944104,734015.654658638,782490.846570279,818012.833379774,835578.770400805
601,22.5338809034908,642468.575702104,656036.558238693,685437.261308094,730668.528331676,779359.317964921,815210.996251166,833051.49782791
601,23.5338809034908,638284.931959183,652110.500801089,681865.134072164,727341.543825856,776239.827332091,812421.251324162,830538.779357212
601,24.5338809034908,634119.87598832,648208.222795254,678320.62358214,724034.54430173,773129.40538178,809638.726688929,828034.900033086
601,25.5338809034908,629973.833643616,644329.721477786,674802.785082274,720745.168179645,770024.106140754,806858.007498123,825533.526637666
601,26.5338809034908,625843.83726312,640471.554979639,671307.23901923,717467.81697181,766917.009814762,804070.79690927,823025.432044586
601,27.5338809034908,621727.267746182,636630.585846866,667829.863082617,714197.183016578,763801.542501369,801269.116193062,820501.661522459
601,28.5338809034908,617620.138201837,632802.233336852,664364.952323197,710926.23241266,760669.266833444,798442.983016762,817951.171796161
601,29.5338809034908,613513.122731569,628976.442305994,660901.004183789,707641.627570354,757504.915913442,795575.227539245,815355.575328794
601,30.5338809034908,609394.603008003,625140.746066079,657423.851750222,704327.015379124,754289.848663042,792645.033781631,812692.702212016
601,31.5338809034908,605252.692986865,621282.388146611,653919.070377013,700965.984336288,751005.621717462,789631.906454567,809940.728985311
601,32.5338809034908,601085.946219044,617398.619062769,650381.218126631,697549.400839233,747639.142883183,786519.252675713,807081.011126468
601,33.5338809034908,596910.732488358,613503.772301357,646820.182012807,694080.509881972,744186.384774261,783297.086436781,804100.289764503
601,34.5338809034908,592748.808649802,609617.228283402,643250.213984967,690565.996600058,740645.818437183,779957.166775066,800986.631443611
601,35.5338809034908,588621.778329185,605758.159356566,639685.397179456,687012.73767644,737016.640028143,776492.309358555,797729.272390786
601,36.5338809034908,584561.829812213,601958.444693863,636157.175049481,683452.307141533,733330.940178676,772934.569934173,794359.995977725
601,37.5338809034908,580611.45299949,598262.825478676,632715.262899369,679942.719709493,729656.233179321,769358.50744045,790956.866539856
601,38.5338809034908,576812.287008549,594715.545487416,629409.47032849,676542.715596073,726061.361205934,765840.611513159,787600.285037747
601,39.5338809034908,573203.433449963,591358.471462034,626287.404049827,673308.814207153,722612.825768328,762455.065442893,784368.44791816
601,40.5338809034908,569816.031800144,588225.652449209,623389.051195325,670290.0208953,719369.641548691,759268.659521597,781332.261250774
601,41.5338809034908,566676.54196855,585346.628061124,620750.092819619,667531.069398482,716386.479144422,756343.881447575,778558.415653638
601,42.5338809034908,563810.643016818,582750.37765255,618405.896292002,665076.382515089,713717.572584083,753742.8217319,776113.308480475
601,43.5338809034908,561238.319074592,580459.33378092,616383.568837518,662959.658856944,711403.666512661,751511.746118724,774046.197162669
601,44.5338809034908,558964.793520138,578478.126900965,614686.826731529,661184.08968339,709447.321114713,749651.875329661,772357.228669695
601,45.5338809034908,556991.973925477,576807.149225323,613313.566694933,659745.227814556,707841.538511499,748153.054776543,771034.051214805
601,46.5338809034908,555322.202371776,575447.123133569,612261.946926381,658638.996531522,706579.846042915,747005.696142211,770064.859354393
601,47.5338809034908,553938.030670405,574378.251529394,611508.14400844,657837.258411938,705629.590339536,746172.525850446,769409.426756772
601,48.5338809034908,552792.328103629,573549.971407913,610995.362257288,657275.730404782,704918.744766305,745574.625944025,768984.782361913
601,49.5338809034908,551836.436328898,572909.876127222,610664.555195634,656887.638392468,704372.633309401,745130.207776375,768704.912932985
601,50.5338809034908,551020.951398539,572404.688574921,610455.87018885,656605.944219175,703916.978128988,744758.216725978,768484.626988652
601,51.5338809034908,550277.540953483,571963.558917668,610295.551619466,656356.214613569,703477.010568344,744381.627854136,768244.759427343
601,52.5338809034908,549524.567952266,571503.354455512,610100.236605639,656058.958023653,702977.613576946,743926.144167376,767910.234400515
601,53.5338809034908,548679.994685799,570940.581606952,609786.379842344,655634.734470714,702343.844216835,743317.671165609,767406.167503505
601,54.5338809034908,547664.331188969,570194.758773468,609274.509417587,655009.685231113,701507.771515384,742490.102437134,766666.121790649
601,55.5338809034908,546410.356180613,569199.822785283,608504.177755153,654135.646940258,700433.861234177,741414.471578923,765663.110450429
601,56.5338809034908,544854.306600426,567894.010176441,607420.887239907,652972.451974757,699096.434645235,740072.992343641,764381.983285793
601,57.5338809034908,542932.49676688,566215.884534805,605970.813252194,651480.685797042,697470.394344759,738448.322216067,762807.97076294
601,58.5338809034908,540603.184212369,564124.840463106,604118.716892803,649636.239750006,695542.354745402,736531.933490563,760933.542936813
601,59.5338809034908,537868.49274464,561621.522578041,601865.614457601,647444.588737001,693321.554667161,734332.324375709,758765.147632935
601,60.5338809034908,534736.091110538,558711.770455241,599217.136837119,644915.125597319,690820.379631743,731860.465074373,756311.349256177
601,61.5338809034908,531217.326571756,555404.991457398,596182.24325933,642060.180336469,688053.696988523,729129.5132314,753582.825806387
601,62.5338809034908,527387.68063709,551773.101866629,592827.412457072,638940.319623011,685075.254274699,726186.456228743,750622.50057506
601,63.5338809034908,523380.20984065,547943.928244945,589270.181622484,635658.44019191,681972.543396541,723107.565935875,747501.284321996
601,64.5338809034908,519329.597756558,544046.547085528,585628.628024376,632317.125197374,678832.178559099,719968.229416305,744289.419492951
601,65.5338809034908,515361.975225857,540201.080750222,582011.01771275,629007.926694517,675728.842964738,716831.811854439,741045.362278437
601,66.5338809034908,511551.002554503,536474.279465721,578469.660662965,625761.842180595,672672.445140994,713695.167713716,737760.81843241
601,67.5338809034908,507950.091498566,532912.201524402,575034.906397406,622585.66713803,669646.874396246,710528.76722109,734401.336457438
601,68.5338809034908,504613.25971494,529561.43527924,571737.377815775,619485.994710859,666635.786628297,707303.503980485,730933.467218509
601,69.5338809034908,501655.169953018,526495.227240988,568602.079780742,616467.043718347,663624.067718938,703961.807971823,727264.714893765
601,70.5338809034908,498844.657908577,523595.292017025,565624.341790813,613530.499267496,660620.625240997,700622.773039938,723620.198411906
601,71.5338809034908,496398.102906693,520972.118484979,562808.207513653,610674.097496187,657618.194305829,697181.564763974,719800.754632868
601,72.5338809034908,494227.216781291,518578.574586337,560148.869952067,607897.714724141,654622.230135483,693686.054373995,715894.000682149
601,73.5338809034908,492329.032388662,516413.188465264,557646.047356326,605200.135182514,651631.652784583,690138.720952735,711905.757515848
601,74.5338809034908,490711.823305438,514482.261335527,555302.458950183,602579.486167785,648641.240884284,686533.566729233,707830.290830513
601,75.5338809034908,489383.125357271,512791.550928302,553120.552493883,600033.900132393,645646.076193149,682865.129978816,703662.505513939
601,76.5338809034908,488346.002336984,511343.241877908,551100.570310809,597560.68937258,642641.738775463,679129.553027756,699399.521800592
601,77.5338809034908,487576.4909324,510116.780321363,549227.058991236,595149.23978035,639623.127956313,675327.993695086,695046.565785572
601,78.5338809034908,487036.2040426,509079.501476156,547476.243448586,592784.807212618,636584.772719726,671463.946393611,690612.567964979
601,79.5338809034908,486686.534799017,508198.637641128,545824.396418893,590452.84314817,633521.335520916,667540.668501098,686105.887841599
601,80.5338809034908,486489.339185242,507442.564601626,544249.906274239,588141.776485913,630431.075126046,663565.38006123,681539.003001976
601,81.5338809034908,486408.09446173,506783.548621493,542738.373402599,585850.244365947,627325.076317938,659560.479089708,676940.981870432
601,82.5338809034908,486408.208598333,506195.806212295,541277.460900103,583579.191556363,624216.770029471,655550.371181554,672342.574415444
601,83.5338809034908,486457.369922088,505655.132775359,539855.483060918,581329.534664088,621118.760573837,651557.508250163,667771.770741698
601,84.5338809034908,486532.544566587,505144.153932326,538463.781266962,579101.384908208,618039.181712445,647596.551825939,663246.791478133
601,85.5338809034908,486623.069959226,504654.685146729,537097.799402631,576893.609989737,614979.932244332,643671.739224464,658773.046124014
601,86.5338809034908,486719.880359864,504179.678900926,535753.462771254,574704.985865084,611942.259341138,639786.079504093,654354.356966547
601,87.5338809034908,486814.404114292,503712.357466071,534426.711212363,572534.186241167,608927.17459212,635942.104478236,649993.893514822
601,88.5338809034908,486897.136461524,503244.601113865,533111.790167572,570378.286861882,605934.153162397,632140.476919299,645692.631994048
601,89.5338809034908,486958.097246937,502767.503085908,531801.85501432,568233.247387422,602961.508826979,628380.43077382,641449.891079435
601,90.5338809034908,486987.874686454,502272.585019102,530490.284889337,566095.046123024,600007.373516296,624660.862618497,637264.578065506
601,91.5338809034908,486976.735137733,501751.213311232,529170.787926294,563960.816992502,597071.776866239,620982.935923617,633137.992186629
601,92.5338809034908,486919.791913144,501199.29525506,527841.090679177,561831.093181558,594157.586213919,617350.284701327,629073.738625247
601,93.5338809034908,486834.220468855,500630.91607654,526508.663583211,559703.88653471,591254.057507662,613746.704352404,625053.175654833
601,94.5338809034908,486736.378184449,500059.362105875,525180.380958751,557577.144445046,588350.911816828,610156.669869356,621058.380734241
601,95.5338809034908,486629.557109137,499487.099426817,523857.291768394,555450.402412835,585446.18018782,606576.698265726,617084.901522512
601,96.5338809034908,486513.258178832,498913.477243554,522538.792407112,553323.660380623,582540.266692637,603006.774628196,613132.197399916
604,20.5338809034908,437655.68373956,458506.465946944,495339.761369074,539354.415554501,586840.87849566,632746.665076133,661733.557719124
604,21.5338809034908,437533.434556965,458359.060384754,495154.720540886,539135.867313575,586600.180659046,632498.27971928,661487.201239032
604,22.5338809034908,437410.829706204,458211.327534711,494969.376829167,538917.013002669,586359.150073692,632249.52933747,661240.463086821
604,23.5338809034908,437287.506365634,458062.887539317,494783.320372015,538697.406978647,586117.302506004,631999.89237124,660992.798126625
604,24.5338809034908,437163.100319966,457913.358714336,494596.1386512,538476.599847776,585874.148672259,631748.840843459,660743.653887508
604,25.5338809034908,437036.498062032,457761.574624234,494406.571677943,538253.219663941,585628.195567619,631494.764426899,660491.34581706
604,26.5338809034908,436905.933385573,457605.685345046,494212.621450299,538025.09108549,585377.075974556,631235.109849,660233.202879638
604,27.5338809034908,436769.639191164,457443.840328665,494012.289709558,537790.038770193,585118.42272618,630967.323714471,659966.553694669
604,28.5338809034908,436625.759251744,457274.095972955,493803.478086773,537545.778629795,584849.750341347,630688.724815078,659688.592944748
604,29.5338809034908,436472.117632056,457094.174116811,493583.727256733,537289.633799502,584568.145891988,630396.170642711,659396.032466096
604,30.5338809034908,436306.384401661,456901.635671887,493350.404563223,537018.738992424,584270.491413913,630086.2972616,659085.352149198
604,31.5338809034908,436126.196409577,456694.007178291,493100.840802476,536730.189529693,583953.626178252,629755.694406947,658752.983149777
604,32.5338809034908,435929.729233826,456469.379608893,492832.976559592,536421.744633945,583615.111629113,629401.730207001,658396.170458358
604,33.5338809034908,435716.095213225,456226.824960211,492545.811697906,536092.316424275,583253.763238076,629023.124705641,658013.57285266
604,34.5338809034908,435484.679242935,455965.700711779,492238.654402703,535741.152637645,582868.761544725,628618.991481452,657604.260616699
604,35.5338809034908,435234.867484826,455685.365785981,491910.814581902,535367.503011775,582459.289315562,628188.446480507,657167.306449147
604,36.5338809034908,434967.23073322,455386.419616988,491562.941639362,534972.075520545,582026.116215468,627732.317469515,656703.574021927
604,37.5338809034908,434683.629678021,455070.812112515,491197.142854062,534557.165011601,581571.738760681,627253.295174137,656215.876306798
604,38.5338809034908,434386.013869037,454740.585892498,490815.62516185,534125.174524202,581098.77115651,626754.197475157,655707.159551068
604,39.5338809034908,434076.259825861,454397.706789719,490420.512172325,533678.416122973,580609.728585559,626237.7356511,655180.258714754
604,40.5338809034908,433755.788250794,454043.663185177,490013.411804212,533218.640450729,580106.515425054,625705.962389599,654637.319969567
604,41.5338809034908,433425.771194215,453679.682948327,489595.650523027,532747.291686997,579590.702623622,625160.570898531,654080.113565664
604,42.5338809034908,433087.385429198,453306.998689605,489168.559639559,532265.819103737,579063.866640089,624603.260449151,653510.416241211
604,43.5338809034908,432741.395715982,452926.411601827,488733.004697587,531775.165039527,578527.032437849,624035.135590569,652929.382641704
604,44.5338809034908,432387.362046639,452537.461878746,488288.490526231,531274.791308823,577979.614388011,623455.563736495,652336.349963656
604,45.5338809034908,432024.526843399,452139.357443963,487834.163574859,530763.76990407,577420.602815206,622863.454865826,651730.176730873
604,46.5338809034908,431652.12829321,451731.301920474,487369.165833828,530241.16809448,576848.982939982,622257.713386612,651109.715549878
604,47.5338809034908,431268.378887705,451311.425954479,486891.482363215,529704.79515884,576262.372038815,621635.768544457,650472.275689911
604,48.5338809034908,430869.961024784,450876.259738982,486397.372778666,529150.58436847,575656.34743926,620992.84964534,649812.864685139
604,49.5338809034908,430453.444333305,450422.216049861,485882.970837518,528574.332650803,575026.33830898,620324.025900708,649126.322174552
604,50.5338809034908,430015.401315767,449945.711245449,485344.414944139,527971.842525509,574367.780011811,619624.372877727,648407.494033025
604,51.5338809034908,429552.261763756,449443.013026254,484777.684090993,527338.743817518,573675.920337704,618888.763625442,647651.013889877
604,52.5338809034908,429060.36591787,448910.296049884,484178.657826439,526670.558851768,572945.890367252,618111.945050132,646851.382998715
604,53.5338809034908,428536.074372881,448343.75686748,483543.240124082,525962.837075238,572172.850791062,617288.695638267,646003.135209368
604,54.5338809034908,427976.031069582,447739.889018334,482867.655989109,525211.477594146,571352.342702679,616414.203843134,645101.232920035
604,55.5338809034908,427378.132175626,447096.496425601,482149.543999038,524413.917162986,570481.579652629,615485.461829203,644142.525589467
604,56.5338809034908,426740.659287585,446411.78649183,481386.978190047,523568.066361359,569558.290587743,614500.017510838,643124.443986461
604,57.5338809034908,426061.918126529,445683.992120331,480578.060458686,522671.86631929,568580.237734525,613455.454534692,642044.456060071
604,58.5338809034908,425340.527633408,444911.674109636,479721.246619766,521723.64334385,567545.602411328,612349.808602967,640900.502714568
604,59.5338809034908,424575.706037898,444094.020310237,478815.668875235,520722.45957551,566453.366508261,611181.979165296,639691.42879061
604,60.5338809034908,423766.760018387,443230.311189618,477860.559428951,519667.486012431,565302.63035643,609950.9933947,638416.212717689
604,61.5338809034908,422913.009862838,442319.841528881,476855.166022357,518557.910613558,564092.512724377,608655.898259281,637073.85353681
604,62.5338809034908,422013.661345313,441361.786240924,475798.60695498,517392.780254,562821.978477459,607295.574162223,635663.175586672
604,63.5338809034908,421067.821177798,440355.216574727,474689.88862159,516171.019860527,561489.859443695,605868.757485269,634182.852108531
604,64.5338809034908,420074.617462717,439299.226268056,473528.041821527,514891.58100518,560095.016442075,604374.215784259,632631.588847136
604,65.5338809034908,419033.116670036,438192.844692403,472312.028076932,513553.339967848,558636.228315834,602810.627970543,631007.998579535
604,66.5338809034908,417941.833361292,437034.523986174,471040.186498981,512154.495867417,557111.536713148,601175.876742248,629309.860093486
604,67.5338809034908,416799.084806327,435822.510118806,469710.634131552,510693.00637743,555518.720441309,599467.560766161,627534.654497556
604,68.5338809034908,415603.232965891,434555.096047032,468321.539014996,509166.884867976,553855.618946072,597683.343978273,625679.931010347
604,69.5338809034908,414290.16230232,433165.245670028,466800.660805016,507497.594373338,552036.804258811,595731.038085659,623649.181795324
604,70.5338809034908,413061.626662027,431863.926979926,465375.378610543,505932.355560898,550331.192682878,593900.823660298,621746.163784876
604,71.5338809034908,411731.059622839,430456.061925686,463835.451910129,504242.591200424,548490.150330588,591924.401977266,619690.019338808
604,72.5338809034908,410371.347700527,429017.866536629,462263.026762017,502517.616677629,546610.831377022,589906.609546922,617590.489469197
604,73.5338809034908,408990.627338961,427557.849789704,460667.275486016,500767.405881867,544704.085440702,587859.153377285,615459.82804937
604,74.5338809034908,407597.202591922,426084.69433205,459057.555311396,499002.131983457,542780.978138641,585793.973890592,613310.534022657
604,75.5338809034908,406199.284726227,424606.98446299,457443.115659416,497231.849686059,540852.445963261,583722.872961883,611154.962302081
604,76.5338809034908,404804.776181229,423132.980338077,455832.854932217,495466.23089168,538929.008764746,581657.203595303,609004.99884333
604,77.5338809034908,403419.63859773,421668.91214783,454233.482872318,493712.567186897,537018.596788555,579605.524350813,606869.604528994
604,78.5338809034908,402048.761853256,420219.888875734,452650.500086427,491976.834953848,535127.709408878,577574.849877912,604756.124333734
604,79.5338809034908,400696.95961181,418790.939079307,451089.319498893,490264.914555543,533262.741430314,575572.082463878,602671.78620408
604,80.5338809034908,399368.336639457,417386.349749786,449554.554408365,488581.816757564,531429.141842573,573603.104186396,600622.750542183
604,81.5338809034908,398064.590788655,416007.892083121,448048.108139301,486929.607140557,529629.156694993,571670.340972295,598611.559633555
604,82.5338809034908,396786.86219324,414656.754237893,446571.255852464,485309.668510352,527864.289486843,569775.417554574,596639.917101097
604,83.5338809034908,395536.255747715,413334.087378257,445125.232633639,483723.339957889,526135.996138036,567919.907425477,594709.473058379
604,84.5338809034908,394312.460577103,412039.563125319,443709.680149409,482170.228967796,524443.84921615,566103.35133511,592819.749154527
604,85.5338809034908,393112.965915408,410770.554517763,442321.765122899,480647.253829725,522784.496506737,564322.1329944,590966.961005744
604,86.5338809034908,391935.100919989,409524.267746841,440958.47518787,479151.138623648,521154.374644469,562572.407940122,589147.084967113
604,87.5338809034908,390776.203065636,408297.918123002,439616.808380083,477678.619128488,519549.93305644,560850.345239442,587356.111221065
604,88.5338809034908,389633.303962837,407088.401784849,438293.419620716,476226.058638046,517967.216026778,559151.676247951,585589.571151574
604,89.5338809034908,388503.228050584,405892.398877911,436984.731897961,474789.568840138,516401.994206005,557471.836563596,583842.685979192
604,90.5338809034908,387382.824574634,404706.615969826,435687.197337079,473365.293555964,514850.073284562,555806.299288502,582110.715799327
604,91.5338809034908,386269.536230333,403528.380136113,434397.936801847,471950.103723041,513308.049984275,554151.391282818,580389.814555583
604,92.5338809034908,385162.310214872,402356.590511125,433115.763928165,470542.709683981,511774.521652893,552505.598965112,578678.397702778
604,93.5338809034908,384058.176553233,401188.143235258,431837.335688443,469139.477895382,510245.535194844,550864.653957788,576971.994430949
604,94.5338809034908,382954.359845895,400020.138185562,430559.529028452,467737.014274168,508717.398092985,549224.568957886,575266.427982067
604,95.5338809034908,381850.23228459,398851.919198129,429281.637221505,466334.550747953,507189.274768906,547584.44164381,573560.753068914
604,96.5338809034908,380745.794284944,397683.486469176,428003.660244559,464932.087221738,505661.1651453,545944.271918859,571854.969514069
509,20.5338809034908,9485.85587519212,10576.0480963972,12939.6085188542,16811.9729376388,23105.2353835942,33084.7998738848,43122.4297502079
509,21.5338809034908,9503.1845052835,10601.4102891392,12981.2347542148,16875.0530397731,23185.1125626841,33138.6887879596,43083.1255579826
509,22.5338809034908,9520.42725009257,10626.7626040512,13022.9848135216,16938.3653807786,23265.1717825263,33192.7191295552,43045.0195775834
509,23.5338809034908,9537.70360142691,10652.2402156204,13065.0276753416,17002.1344811453,23345.7347429449,33247.4046500078,43008.8718466849
509,24.5338809034908,9555.03233126723,10677.8658798252,13107.3943844483,17066.4046647616,23426.8728839714,33302.8922942887,42974.9469342183
509,25.5338809034908,9572.35878631616,10703.5803605695,13150.015443902,17131.0894224604,23508.47774365,33359.0697315589,42943.1636865898
509,26.5338809034908,9589.54765531741,10729.23405495,13192.7099949054,17195.9567571216,23590.2407029984,33415.538084959,42913.0635165055
509,27.5338809034908,9606.46090273231,10754.6739662297,13235.2923722597,17260.7677508949,23671.8433047493,33471.8834903365,42884.1628729631
509,28.5338809034908,9622.95654676775,10779.7423142319,13277.5703554305,17325.2742445658,23752.954042972,33527.6725748983,42855.9477956863
509,29.5338809034908,9638.88073615979,10804.2676277212,13319.3341399052,17389.2043916188,23833.2085418135,33582.4246102154,42827.8388842794
509,30.5338809034908,9654.07554692171,10828.0734371099,13360.3669738088,17452.276482007,23912.2285442399,33635.6386486402,42799.2268611375
509,31.5338809034908,9668.37460326373,10850.9733342448,13400.439015226,17514.1908862445,23989.6109143415,33686.7783286845,42769.4540022408
509,32.5338809034908,9681.68993192196,10872.8684689475,13439.4277686994,17574.7874935537,24065.1432626207,33735.5745322523,42738.1985197659
509,33.5338809034908,9694.07064986258,10893.8137707162,13477.4004786487,17634.1538989841,24138.9517692123,33782.2301567601,42705.7303404729
509,34.5338809034908,9705.60583979704,10913.9092298411,13514.4803585918,17692.4509710606,24211.2620056115,33827.082257538,42672.4793852325
509,35.5338809034908,9716.39000659862,10933.2611814025,13550.7988700183,17749.8505617622,24282.3136246392,33870.4822794867,42638.8840725259
509,36.5338809034908,9726.84785386126,10952.3480311394,13586.9494779327,17807.1302577244,24353.1738089732,33913.9291484334,42606.8157969701
509,37.5338809034908,9737.76751308972,10972.0589638509,13624.0378743668,17865.7409582994,24425.8284657058,33960.1871875395,42579.7134493914
509,38.5338809034908,9749.96552398255,10993.3176409508,13663.2167276684,17927.1983501505,24502.3491655645,34012.1201132838,42561.1102820661
509,39.5338809034908,9764.27598763888,11017.0701486954,13705.6709968891,17993.0638585969,24584.8670710253,34072.6548076354,42554.5895253251
509,40.5338809034908,9781.65086070596,11044.3983885576,13752.7593691105,18065.1306080348,24675.8269323851,34145.132958028,42564.2239397973
509,41.5338809034908,9803.11269326283,11076.4672346226,13805.9493288538,18145.3387995473,24777.871149571,34233.148325203,42594.3703663306
509,42.5338809034908,9829.69904054669,11114.4620679968,13866.7398659768,18235.6745493524,24893.7014652997,34340.3546921066,42649.4301946179
509,43.5338809034908,9862.37523193782,11159.4902428172,13936.5386884074,18338.0084966292,25025.8586684807,34470.1625726169,42733.4744333739
509,44.5338809034908,9901.86188614506,11212.3855834896,14016.4174858387,18453.7732800071,25176.2828293981,34625.1367423239,42849.5023675086
509,45.5338809034908,9948.83247275132,11273.9313524631,14107.3894009987,18584.3278776482,25346.8112291344,34807.6869537411,43000.3054542382
509,46.5338809034908,10003.9943327477,11344.9520248573,14210.5237945439,18731.1087195517,25539.3846134257,35020.352312274,43188.8206218689
509,47.5338809034908,10068.3216682305,11426.5779498853,14327.278481183,18896.0681506136,25756.6447502508,35266.6188698956,43419.1362965918
509,48.5338809034908,10143.1870416609,11520.3959690087,14459.6908694944,19081.9282368018,26002.2792842739,35551.384586333,43697.0549477577
509,49.5338809034908,10230.0582588488,11628.1067603505,14609.9505501424,19291.6186945984,26280.2544986137,35879.9020489886,44028.7824521083
509,50.5338809034908,10330.4338348907,11751.4520347723,14780.3087034313,19528.1578770265,26594.6528488636,36257.554973843,44420.6521696227
509,51.5338809034908,10445.2550879941,11891.5455592836,14972.236323809,19793.5402323227,26948.1580678472,36687.7952903752,44876.6016231088
509,52.5338809034908,10575.0935273284,12049.0843151898,15186.6864426215,20089.080191426,27342.5253185062,37172.7963804735,45398.9901584846
509,53.5338809034908,10720.5813064215,12224.8377837065,15424.7088742481,20416.223879044,27779.6870879368,37714.9637274821,45990.4538380263
509,54.5338809034908,10882.4068613534,12419.6433580897,15687.4450341627,20776.5426496846,28261.7440886325,38316.9210658003,46653.8866196046
509,55.5338809034908,11061.2506151863,12634.3332656491,15976.036075637,21171.6116313873,28790.7996297637,38981.2844845943,47392.1637612012
509,56.5338809034908,11257.8454918792,12869.803865485,16291.7107979562,21603.1264480436,29369.1184848168,39710.8777725604,48208.403940379
509,57.5338809034908,11473.0071965553,13127.0507019459,16635.8307147712,22072.9634714381,29999.2086316699,40508.8417207477,49106.1003823186
509,58.5338809034908,11707.7347789148,13407.2842274157,17010.0377561854,22583.3765099585,30684.0881479367,41378.9921612533,50089.5519258147
509,59.5338809034908,11963.324288513,13712.0611627099,17416.4228579769,23137.2219811394,31427.5903386967,42326.2267306956,51164.3494554224
509,60.5338809034908,12241.2244734144,14043.1206822864,17857.3204195681,23737.6876191474,32233.9941840844,43356.0210682689,52336.759292114
509,61.5338809034908,12542.9560875236,14402.2928078288,18335.1933311232,24388.140658096,33107.81763281,44474.1478357114,53613.3806013094
509,62.5338809034908,12868.7482389513,14789.9318767346,18850.6374444758,25089.4726673246,34050.2141021139,45681.8412236468,54995.322987384
509,63.5338809034908,13217.5000286019,15204.8658268395,19402.3061636752,25839.9914144478,35058.8305575061,46975.6358776396,56478.0499738875
509,64.5338809034908,13587.9083767017,15645.6877161967,19988.5489522326,26637.5961221983,36130.7627132515,48351.3506915995,58056.1987891625
509,65.5338809034908,13978.4356305304,16110.717211063,20607.3601834354,27479.7079589422,37262.4615872823,49803.9680094531,59723.4398279855
509,66.5338809034908,14387.0354302723,16597.6829646738,21255.9702356685,28362.7230691772,38448.9932572934,51326.6506209608,61471.3047410411
509,67.5338809034908,14811.2460467587,17103.8273476118,21930.9748875361,29282.1818857313,39684.2700536244,52911.060294895,63289.5793355951
509,68.5338809034908,15248.2571764478,17625.9810105357,22628.4268301223,30232.8884681252,40961.2136887806,54547.5832056795,65166.5819506771
509,69.5338809034908,15721.5401205861,18191.3600015984,23383.3858579041,31261.7289355113,42343.2151317689,56320.2742998345,67202.3740209095
509,70.5338809034908,16153.5425408144,18710.3369750236,24080.8420653267,32215.1689809203,43622.5375101542,57953.037807316,69067.6617740756
509,71.5338809034908,16621.7959304944,19272.6480831493,24836.1454284891,33247.3208623607,45007.646491248,59722.7009103311,71092.3940425291
509,72.5338809034908,17100.6941541308,19848.7491474879,25611.4582616601,34307.7178934584,46430.2411634538,61538.4057969185,73168.1326722514
509,73.5338809034908,17590.4650100637,20438.9773597419,26407.3242783927,35397.1542486882,47891.36824489,63401.4182219206,75296.2729415063
509,74.5338809034908,18091.4004239829,21043.7478727096,27224.3928266981,36516.5683817189,49392.2684483811,65313.2561408042,77478.5053640835
509,75.5338809034908,18603.8104974572,21663.5008552453,28063.3511741726,37666.9527585561,50934.2543444164,67275.5272893435,79716.6219053495
509,76.5338809034908,19127.9958541012,22298.6695244572,28924.8834239013,38849.2988947265,52518.6359706947,69289.8306224732,82012.3989084681
509,77.5338809034908,19664.0286341674,22949.424638906,29809.338716588,40064.1513866439,54146.1180167544,71356.9618779265,84366.657930914
509,78.5338809034908,20211.8334657532,23615.7677519213,30716.8503833689,41311.7667139043,55817.0152620018,73477.2018013829,86779.6115109623
509,79.5338809034908,20771.3053493799,24297.6682418515,31647.5130536452,42592.3506798688,57531.5738948698,75650.7416199245,89251.3684757983
509,80.5338809034908,21342.3788342134,24995.1442282768,32601.4880101078,43906.2001574136,59290.1630387795,77877.9351151753,91782.2315295503
509,81.5338809034908,21925.2262590133,25708.4954065571,33579.3078747691,45254.1140730691,61093.8294758851,80160.0256322303,94373.5521471923
509,82.5338809034908,22520.084569665,26438.1015377509,34581.6157519575,46637.0433371134,62943.8242201686,82498.5207251793,97026.9896229343
509,83.5338809034908,23127.2005864565,27184.3587565026,35609.0827293256,48055.9800618324,64841.452760706,84894.9947191314,99744.2776081748
509,84.5338809034908,23746.8387692893,27947.6889713228,36662.4205483527,49511.9748262732,66788.0982511503,87351.1187311043,102527.25907243
509,85.5338809034908,24379.2870057362,28728.5470209792,37742.3914548877,51006.1502127605,68785.2396446516,89868.6839144436,105377.913126647
509,86.5338809034908,25024.8475232511,29527.4103750127,38849.795236278,52539.6836190051,70834.4284541266,92449.5706408753,108298.318417065
509,87.5338809034908,25683.8426524272,30344.7863010615,39985.4791410326,54113.8209255875,72937.3070875906,95095.7720381204,111290.680329028
509,88.5338809034908,26356.6948709958,31181.3069610918,41150.4638968535,55730.0473877533,75095.8389234457,97809.6930718472,114357.680139369
509,89.5338809034908,27043.914750707,32037.7162213055,42345.9278381559,57390.0670450097,77312.2801770591,100594.111972812,117502.427890551
509,90.5338809034908,27746.0504502102,32914.8107969551,43573.1305064955,59095.7000049306,79589.0412606896,103451.998355543,120728.248394299
509,91.5338809034908,28465.1204385571,33815.1431043235,44835.671748021,60851.9495371523,81932.8168682639,106391.876156166,124044.933746701
509,92.5338809034908,29203.4102512064,34741.6025164435,46137.6262448345,62664.4795287027,84351.1842093225,109423.382584616,127463.540473749
509,93.5338809034908,29948.5971289345,35679.6945911877,47459.972278544,64507.5731727261,86809.4756756752,112501.363842581,130931.31679399
509,94.5338809034908,30688.9019677108,36615.4937493145,48784.3266220938,66356.3075155012,89274.127639101,115582.274751992,134397.572784091
509,95.5338809034908,31421.5991131833,37545.8141641527,50106.5230883914,68205.0425558602,91737.5519422101,118656.342797841,137851.03680347
509,96.5338809034908,32146.5876066152,38470.5942332822,51426.5465563405,70053.7775962193,94199.7527052111,121723.644681711,141291.908136932
48,20.5338809034908,3322.05046526428,3431.57589427102,3626.24371371199,3861.26963613178,4118.3203945187,4370.75916285704,4532.35973393698
48,21.5338809034908,3324.22120144789,3434.62876276793,3630.72231422779,3867.21634186761,4125.54145565824,4378.88237037191,4540.87405644986
48,22.5338809034908,3326.35222235267,3437.65133274654,3635.1829835935,3873.15337519918,4132.75497070866,4386.99489449713,4549.37387411161
48,23.5338809034908,3328.42627136877,3440.62665178511,3639.60926871455,3879.06486953613,4139.94577029657,4395.08237299834,4557.84542609447
48,24.5338809034908,3330.42862629023,3443.53955782536,3643.98509535794,3884.9334889535,4147.09502413488,4403.12446623504,4566.26740904664
48,25.5338809034908,3332.31619668875,3446.34567440154,3648.2636906095,3890.70944303595,4154.14957474825,4411.06471741249,4574.5812818488
48,26.5338809034908,3334.02171645256,3448.97556140024,3652.37164957788,3896.31443666541,4161.02574170693,4418.81419733757,4582.69480023185
48,27.5338809034908,3335.47705796278,3451.35881991499,3656.23444601567,3901.66887828032,4167.63838655992,4426.28239195213,4590.51407033744
48,28.5338809034908,3336.61477230336,3453.42568346105,3659.77811473198,3906.69367319162,4173.90282810505,4433.37923756925,4597.94566062729
48,29.5338809034908,3337.3701218639,3455.10912049755,3662.93147821419,3911.31259957243,4179.73738078219,4440.01781728561,4604.89939845865
48,30.5338809034908,3337.6802658846,3456.3439924956,3665.62525649442,3915.45136107094,4185.06234548341,4446.11329145504,4611.28726189876
48,31.5338809034908,3337.48135667816,3457.06404655183,3667.78887765737,3919.03418083381,4189.7963706861,4451.57903358237,4617.01937301087
48,32.5338809034908,3336.71958760593,3457.21335831436,3669.36261736112,3921.99677246417,4193.87032014659,4456.34136523393,4622.01928071391
48,33.5338809034908,3335.35838296665,3456.75379520848,3670.30554116954,3924.29484902827,4197.23638651098,4460.34924760942,4626.23401402368
48,34.5338809034908,3333.36629781867,3455.65249514545,3670.5822392238,3925.88996712263,4199.85297091397,4463.55822357329,4629.61742879523
48,35.5338809034908,3330.71481076219,3453.87958362578,3670.16040968087,3926.74695031054,4201.68193290493,4465.92749839982,4632.12718067942
48,36.5338809034908,3327.47339854867,3451.50679562555,3669.11570390015,3926.94610746611,4202.80869679965,4467.54761490557,4633.85715424945
48,37.5338809034908,3323.81870276839,3448.71713295301,3667.64221501872,3926.69465646662,4203.45461513383,4468.65365901407,4635.05116748317
48,38.5338809034908,3319.93424827931,3445.70094957729,3665.94216688949,3926.20879767855,4203.85085015814,4469.49123738508,4635.96396334241
48,39.5338809034908,3316.00325954117,3442.6485114177,3664.21801959703,3925.70527530077,4204.22934715555,4470.30688210022,4636.85125566044
48,40.5338809034908,3312.21638412016,3439.75802345832,3662.68102365532,3925.4105479591,4204.83265630632,4471.35849099143,4637.98055534083
48,41.5338809034908,3308.76799898096,3437.23181347155,3661.54718356388,3925.55648420795,4205.90933444657,4472.91044235534,4639.62610284371
48,42.5338809034908,3305.85265748695,3435.27265586608,3661.03336149992,3926.37620006798,4207.70949335142,4475.22886300776,4642.06395957726
48,43.5338809034908,3303.61996953286,3434.0368798104,3661.30729287237,3928.05043889003,4210.42732562674,4478.52049189929,4645.50858946613
48,44.5338809034908,3302.08888761057,3433.54517675391,3662.39234917553,3930.60526925454,4214.09136027849,4482.81590623538,4649.99172506846
48,45.5338809034908,3301.24404225192,3433.78259254533,3664.27393246744,3934.02604373355,4218.68648894289,4488.09926457728,4655.4969456955
48,46.5338809034908,3301.07001559313,3434.73413255653,3666.9374051686,3938.29806456304,4224.19753695,4494.35464517349,4662.00774373762
48,47.5338809034908,3301.45742196706,3436.28700792975,3670.26368195432,3943.29441030787,4230.48892208927,4501.43799909693,4669.37470189193
48,48.5338809034908,3302.1559857513,3438.1816154102,3673.97660854771,3948.71917644244,4237.24361602065,4509.01214280424,4677.24805851065
48,49.5338809034908,3302.90373501351,3440.14584032891,3677.78616913468,3954.26113337634,4244.12786268367,4516.72197254597,4685.25945634045
48,50.5338809034908,3303.43830268654,3441.90679770455,3681.40099866144,3959.60714966005,4250.80557005254,4524.20977725367,4693.03782894667
48,51.5338809034908,3303.49496262577,3443.18877493086,3684.52617084061,3964.43980951751,4256.93575729901,4531.11253077477,4700.2065987176
48,52.5338809034908,3302.80759635744,3443.71421950057,3686.86422952975,3968.4385048213,4262.1737187898,4537.06312886118,4706.38496049176
48,53.5338809034908,3301.11065913337,3443.20576851666,3688.1173350892,3971.28172636974,4266.17347458386,4541.6929933916,4711.19058169637
48,54.5338809034908,3298.16121786452,3441.40922941308,3688.01187549942,3972.67356641779,4268.61624685268,4544.662394053,4714.27105868246
48,55.5338809034908,3293.81956651282,3438.17775938008,3686.38877175835,3972.44107854321,4269.31513192462,4545.77191869329,4715.41955268322
48,56.5338809034908,3287.97833228129,3433.39802366591,3683.12453329084,3970.44939749224,4268.12399689958,4544.86551611781,4714.47421226612
48,57.5338809034908,3280.53306184345,3426.95952299912,3678.09841594222,3966.56638786802,4264.8995120997,4541.79007995041,4711.27624835323
48,58.5338809034908,3271.407900993,3418.78142539248,3671.2212302628,3960.6937219229,4259.53457332769,4536.43104302776,4705.70685593185
48,59.5338809034908,3260.58079829749,3408.83896488073,3662.46377490451,3952.79762591464,4251.99141235877,4528.74765626676,4697.7238078739
48,60.5338809034908,3248.03871679713,3397.11670816769,3651.80675666624,3942.854939076,4242.24364304993,4518.71129212434,4687.29745887007
48,61.5338809034908,3233.78165569442,3383.61277851975,3639.24535689904,3930.85806618106,4230.28160443329,4506.31114177016,4674.41665534096
48,62.5338809034908,3218.00323630499,3368.52791213671,3624.99271482777,3917.03488090812,4216.34908319601,4491.80640701026,4659.35033219311
48,63.5338809034908,3201.06735261748,3352.24143928384,3609.4546642008,3901.82189161619,4200.9147067993,4475.69592289388,4642.61599578207
48,64.5338809034908,3183.33830908777,3335.13372632568,3593.03899762844,3885.65840568039,4184.45053537369,4458.48233857317,4624.73510442926
48,65.5338809034908,3165.14504508869,3317.54870517869,3576.11510713867,3868.94288284197,4167.3850529565,4440.62202389699,4606.18110442704
48,66.5338809034908,3146.62370329561,3299.6287305671,3558.83578515633,3851.83999209108,4149.89524576068,4422.30347815443,4587.14957713702
48,67.5338809034908,3127.83293155421,3281.43510524998,3541.2666903781,3834.42031986087,4132.05687309258,4403.60737804968,4567.72425928404
48,68.5338809034908,3108.82996596683,3263.02775759267,3523.47213954607,3816.75311033621,4113.9443154788,4384.61295598634,4547.98738834469
48,69.5338809034908,3088.76953797757,3243.51902106679,3504.4928439524,3797.79862567241,4094.43667756183,4364.12575526931,4526.70026028697
48,70.5338809034908,3070.41673721078,3225.81251425967,3487.46563250084,3780.95544619625,4077.19707309055,4346.04928725986,4507.911256892
48,71.5338809034908,3051.12218130761,3207.12633740797,3469.38505630374,3762.96701755734,4058.7152939989,4326.64303584805,4487.74115710007
48,72.5338809034908,3031.84369138011,3188.46657265847,3451.33822520155,3745.01125248569,4040.26099178402,4307.2600309935,4467.59323941988
48,73.5338809034908,3012.62285358819,3169.87727616418,3433.37302740308,3727.14013402732,4021.89025199027,4287.96010890628,4447.5296074683
48,74.5338809034908,2993.48529255634,3151.38580075234,3415.51937005956,3709.38620382794,4003.63822330137,4268.78079486817,4427.58921916589
48,75.5338809034908,2974.45507602087,3133.01793133775,3397.8055441773,3691.78030598196,3985.5382537629,4249.75770384502,4407.80904900786
48,76.5338809034908,2955.554663793,3114.79783075117,3380.2581642088,3674.35151953027,3967.62181671186,4230.92446126597,4388.22400619821
48,77.5338809034908,2936.79718922385,3096.73990284309,3362.8933339844,3657.11755359991,3949.90813949307,4212.30164571197,4368.85546848863
48,78.5338809034908,2918.1907008393,3078.85324211972,3345.72144702588,3640.08994278471,3932.40979973738,4193.90275085379,4349.71746507927
48,79.5338809034908,2899.74292441301,3061.14664637864,3328.75261690206,3623.27994152103,3915.1390841789,4175.74096278934,4330.82370468864
48,80.5338809034908,2881.46699137682,3043.63466938686,3312.00326506855,3606.70569888735,3898.11574369673,4157.83743227996,4312.19615523929
48,81.5338809034908,2863.3962893589,3026.35333773327,3295.51326194733,3590.41095263164,3881.38721321147,4140.2428473268,4293.88741739016
48,82.5338809034908,2845.56798999129,3009.34279731015,3279.32709963166,3574.44456520494,3865.00651319973,4123.01386595314,4275.95627955552
48,83.5338809034908,2828.01793463503,2992.64191939107,3263.48803032105,3558.85414451766,3849.02535595767,4106.20576254802,4258.46009051271
48,84.5338809034908,2810.76113279048,2976.26765286172,3248.01553334622,3543.66145808159,3833.46754700141,4089.84404902719,4241.4253283242
48,85.5338809034908,2793.7810276091,2960.2035858853,3232.89273951523,3528.84864574365,3818.31403470998,4073.90851452882,4224.83105084262
48,86.5338809034908,2777.05866226428,2944.43076490458,3218.09998121819,3514.39476525937,3803.5424147167,4058.3753642877,4208.65259917737
48,87.5338809034908,2760.57424170759,2928.92934328658,3203.61658436396,3500.27774232753,3789.12903712962,4043.21946742919,4192.86392916467
48,88.5338809034908,2744.29226354098,2913.66279157474,3189.403579925,3486.4554691159,3775.02853962216,4028.39251661763,4177.41496353152
48,89.5338809034908,2728.16645827227,2898.58308693289,3175.40931505276,3472.87189065209,3761.18041406571,4013.8300296355,4162.23885457022
48,90.5338809034908,2712.15119617809,2883.64279706702,3161.5826476326,3459.47140685958,3747.52459078976,3999.46797781117,4147.26922904205
48,91.5338809034908,2696.20792036799,2868.80215183833,3147.88104077957,3446.20805023832,3734.01165261539,3985.25389846811,4132.45182445314
48,92.5338809034908,2680.31651842192,2854.04099472663,3134.28344486923,3433.05935464158,3720.61764802,3971.16252645381,4117.76059744003
48,93.5338809034908,2664.44043106978,2839.31921882025,3120.74332638836,3419.97163073263,3707.28201504548,3957.12738443101,4103.12563444567
48,94.5338809034908,2648.54634352224,2824.60008073426,3107.21776792524,3406.89516772278,3693.94860078731,3943.08683403727,4088.48213292879
48,95.5338809034908,2632.62606367121,2809.87508288865,3093.69706920704,3393.81872129833,3680.60473698242,3929.02707051287,4073.81565944944
48,96.5338809034908,2616.67869208532,2795.14396307891,3080.18123959258,3380.7422991371,3667.25047332746,3914.94827058619,4059.12649554645
47,20.5338809034908,3074.54698102959,3187.15909090138,3384.25523911304,3617.01831865205,3865.17261563573,4102.48577838273,4251.1602274594
47,21.5338809034908,3077.34323518431,3190.57799556835,3388.70336436847,3622.57980165472,3871.7961705435,4110.0023025232,4259.17447341051
47,22.5338809034908,3080.1211138415,3193.98221871186,3393.1419943331,3628.13596871586,3878.41679482223,4117.51645116599,4267.18595519078
47,23.5338809034908,3082.87050874745,3197.36172790895,3397.56124088371,3633.67712565735,3885.02503536815,4125.01904025307,4275.18567835654
47,24.5338809034908,3085.58228833287,3200.70701779,3401.95091842013,3639.19224925142,3891.60894618042,4132.49722233172,4283.16022479992
47,25.5338809034908,3088.23308252464,3203.99388394198,3406.28534427602,3644.65388965257,3898.13917855033,4139.91982771659,4291.07728481729
47,26.5338809034908,3090.78731705263,3207.18543396587,3410.52530358223,3650.02007237821,3904.57080695729,4147.23910967276,4298.88734806205
47,27.5338809034908,3093.20895395834,3210.24426920302,3414.63100356515,3655.24816545232,3910.85816984506,4154.40651657973,4306.54005931102
47,28.5338809034908,3095.46212606644,3213.13314262406,3418.56277252014,3660.29562703948,3916.95566926652,4161.37354140354,4313.98509917942
47,29.5338809034908,3097.51199745987,3215.81585144495,3422.28200861761,3665.12102048358,3922.8188563498,4168.09287429788,4321.17337865818
47,30.5338809034908,3099.32417396012,3218.25662562464,3425.75053009941,3669.68331953496,3928.40368886071,4174.51761481307,4328.05622300557
47,31.5338809034908,3100.86446462813,3220.41988039202,3428.93031227676,3673.94162727705,3933.66623114213,4180.6009539032,4334.58504261338
47,32.5338809034908,3102.09584968767,3222.26706599021,3431.78013133156,3677.85157818777,3938.55880018832,4186.29207684119,4340.70708438551
47,33.5338809034908,3102.97648439433,3223.75459048155,3434.25334630535,3681.36295556877,3943.02740967618,4191.53344335164,4346.36261012339
47,34.5338809034908,3103.46304946144,3224.83729659312,3436.30159697742,3684.42365002028,3947.01600567045,4196.26528778335,4351.48956203112
47,35.5338809034908,3103.51492467192,3225.47279754544,3437.87942261172,3686.98461059911,3950.47177005375,4200.43125730815,4356.02940956881
47,36.5338809034908,3103.16213847153,3225.6921117298,3439.01957132447,3689.08063361837,3953.43170157603,4204.07048441087,4360.02263861969
47,37.5338809034908,3102.51255710293,3225.60720369168,3439.84114495453,3690.83920110685,3956.03217057264,4207.32780451645,4363.6193736298
47,38.5338809034908,3101.67952401081,3225.33581349249,3440.46952975685,3692.39465901173,3958.41700381854,4210.35605209858,4366.97806625714
47,39.5338809034908,3100.77491215012,3224.99423732824,3441.0287033151,3693.87996781101,3960.7286459763,4213.30666263323,4370.25574881374
47,40.5338809034908,3099.9036170696,3224.69159806245,3441.63511774982,3695.42013204873,3963.10111009793,4216.32216959421,4373.60024947114
47,41.5338809034908,3099.16674381095,3224.53315640623,3442.40122728282,3697.13598165985,3965.66402748675,4219.5405093105,4377.15465602131
47,42.5338809034908,3098.66591756561,3224.62479533766,3443.44027453363,3699.14931117349,3968.54815899349,4223.10088425328,4381.06339783946
47,43.5338809034908,3098.4724934181,3225.04097353731,3444.83206168343,3701.54610107587,3971.84593070815,4227.10176179723,4385.42867076776
47,44.5338809034908,3098.56893163972,3225.76366409215,3446.55766304736,3704.30630267606,3975.53604026932,4231.52059965373,4390.22713973999
47,45.5338809034908,3098.91412237778,3226.75028652348,3448.571893304,3707.3816182963,3979.5668461782,4236.30254720491,4395.40194231157
47,46.5338809034908,3099.46669211883,3227.95795571014,3450.82919452437,3710.72330398067,3983.88619031677,4241.39217795403,4400.89560699208
47,47.5338809034908,3100.12178734246,3229.27763128408,3453.21321841904,3714.20642915907,3988.36006700813,4246.64689183953,4406.56019487891
47,48.5338809034908,3100.67951372898,3230.5011691986,3455.50148225208,3717.59175694752,3992.73160673921,4251.79318762209,4412.11190181976
47,49.5338809034908,3100.93202464289,3231.41197333275,3457.46220779326,3720.62980939365,3996.73274925741,4256.54551929125,4417.2543697352
47,50.5338809034908,3100.67356063994,3231.795448148,3458.86549176105,3723.07287658602,4000.09713574406,4260.62002186247,4421.69292922309
47,51.5338809034908,3099.72496947266,3231.46456298976,3459.51067894592,3724.70449475161,4002.59179401273,4263.76827189775,4425.16964290903
47,52.5338809034908,3097.92572328456,3230.25155216014,3459.21751064668,3725.3299486799,4004.00695850218,4265.76646074211,4427.45207631978
47,53.5338809034908,3095.11663681981,3227.98990567289,3457.80685528919,3724.75553531963,4004.13379450279,4266.39166973341,4428.30867647264
47,54.5338809034908,3091.15353706773,3224.52862831077,3455.11598739075,3722.80502794152,4002.78210297467,4265.44073962892,4427.52836021378
47,55.5338809034908,3085.95843509777,3219.78564831829,3451.05586074167,3719.38143102418,3999.84675731774,4262.80109428143,4424.99404240358
47,56.5338809034908,3079.47433023222,3213.70071830886,3445.56071171069,3714.41274395621,3995.24943802334,4258.38868320087,4420.6182324636
47,57.5338809034908,3071.64634515402,3206.21574403746,3438.56699285022,3707.82927309075,3988.91424642486,4252.12199979853,4414.31606690735
47,58.5338809034908,3062.42556577601,3197.27879373114,3430.01767480675,3699.56827256326,3980.77269897451,4243.9274062109,4406.01083760199
47,59.5338809034908,3051.77281387126,3186.84804242932,3419.86648634424,3689.57852559477,3970.76866310252,4233.74439948273,4395.63946066236
47,60.5338809034908,3039.65244005413,3174.88529984755,3408.07098394248,3677.81288209687,3958.85033826167,4221.5170702218,4383.14361257302
47,61.5338809034908,3026.03993891816,3161.36396920611,3394.60110282019,3664.23749391415,3944.98020297784,4207.20471384669,4368.48074958525
47,62.5338809034908,3011.0724620418,3146.42633837755,3379.60812364599,3649.01426837218,3929.33149850606,4190.99140775605,4351.84173252064
47,63.5338809034908,2995.02945134978,3130.36352651631,3363.40340805611,3632.47816086629,3912.2639712443,4173.26026281223,4333.62414111928
47,64.5338809034908,2978.19126493435,3113.46785832198,3346.29998634992,3614.96627466242,3894.1399505749,4154.39732079103,4314.2286721578
47,65.5338809034908,2960.81704859198,3096.00973129231,3328.58769498682,3596.79100087598,3875.29541195691,4134.76068061425,4294.02707603833
47,66.5338809034908,2943.05559147559,3078.14435818771,3310.43284828085,3578.13154493424,3855.92305533713,4114.55571561022,4273.23255321308
47,67.5338809034908,2925.01039091674,3059.97970653588,3291.95113779371,3559.11256817076,3836.15693483822,4093.9253048666,4251.99343479259
47,68.5338809034908,2906.78257136763,3041.62135673836,3273.25582936623,3539.8562398521,3816.12851916731,4073.00963292841,4230.45527988157
47,69.5338809034908,2887.4967146384,3022.15395804405,3253.36304858072,3519.29993848741,3794.69371875929,4050.58898046594,4207.35206933217
47,70.5338809034908,2870.1799456529,3004.74255676059,3235.67459626392,3501.11771527428,3775.80847111382,4030.881189151,4187.06208234353
47,71.5338809034908,2852.00486445769,2986.43109725121,3217.01356546886,3481.87871683083,3755.77902282325,4009.94827898461,4165.49774770786
47,72.5338809034908,2834.04286011153,2968.33999650808,3198.58450681845,3462.88420661652,3736.00674093077,3989.28459825777,4144.21036013395
47,73.5338809034908,2816.37396098975,2950.55321863685,3180.47810105345,3444.23253961865,3716.59788119812,3969.00370729952,4123.31793802257
47,74.5338809034908,2799.06019953598,2933.13595277464,3162.76490523661,3426.00037952145,3697.63536739399,3949.19429498907,4102.91267845295
47,75.5338809034908,2782.16115296664,2916.15088239407,3145.51287247433,3408.2616558704,3679.19923630582,3929.94200576379,4083.08363061882
47,76.5338809034908,2765.73156238144,2899.65568782309,3128.78465492673,3391.08463877548,3661.36347744604,3911.32606234421,4063.91318630704
47,77.5338809034908,2749.79341717476,2883.67376905003,3112.60599889506,3374.49767218941,3644.15902681421,3893.37972885679,4045.43599960914
47,78.5338809034908,2734.35128963814,2868.21028749025,3096.98300184641,3358.50783033026,3627.59387423811,3876.11176790534,4027.66127155193
47,79.5338809034908,2719.40957058255,2853.27022576806,3081.92158355406,3343.12200654693,3611.6758214391,3859.53074437991,4010.59799842405
47,80.5338809034908,2704.9705480596,2838.85637199328,3067.42530907172,3328.34455211226,3596.40993159448,3843.64230052002,3994.25214055767
47,81.5338809034908,2691.02889298813,2824.9635300516,3053.4891296442,3314.17048236909,3581.79118723043,3828.44130918466,3978.61846866139
47,82.5338809034908,2677.57775525799,2811.58490867605,3040.10627298479,3300.59294077164,3567.81254551139,3813.92047598896,3963.68949979658
47,83.5338809034908,2664.61029674894,2798.71372898241,3027.26997810909,3287.60507919908,3554.46696822135,3800.07250750986,3949.4577498747
47,84.5338809034908,2652.10455345342,2786.32731983211,3014.95628457602,3275.18136052408,3541.72720152841,3786.86849052764,3935.89326150128
47,85.5338809034908,2640.0149583439,2774.37818731209,3003.11433385606,3263.26699189171,3529.53432660564,3774.24563642559,3922.93086076237
47,86.5338809034908,2628.29476961843,2762.81755749941,2991.69181444342,3251.80554083468,3517.82760548401,3762.13918278403,3910.5033107876
47,87.5338809034908,2616.89769620975,2751.5970829274,2980.6368066663,3240.74093814095,3506.54664635135,3750.48470844142,3898.54371799133
47,88.5338809034908,2605.77220989174,2740.66285938123,2969.89129792274,3230.01042428735,3495.62376944131,3739.20996713097,3886.97704286344
47,89.5338809034908,2594.86333050478,2729.9572952783,2959.39319680078,3219.54673025437,3484.98636051229,3728.23740128123,3875.72271187595
47,90.5338809034908,2584.11680964602,2719.42350848324,2949.08109307713,3209.28325102196,3474.56246787275,3717.49012843497,3864.70084052158
47,91.5338809034908,2573.48618092763,2709.0128296091,2938.90253184401,3199.16319541993,3464.29084712614,3706.90280695205,3853.84359706057
47,92.5338809034908,2562.94674847136,2698.69947465593,2928.82984192283,3189.15671626542,3454.1394104823,3696.44128672896,3843.11557834663
47,93.5338809034908,2552.45809746898,2688.44023052523,2918.81501048857,3179.21031349359,3444.04903255004,3686.04127492425,3832.44935489892
47,94.5338809034908,2541.9834777553,2678.19572090282,2908.81416785055,3169.2749981655,3433.96549589594,3675.64376805976,3821.78302564866
47,95.5338809034908,2531.51457782873,2667.9570458376,2898.81739336635,3159.33968420858,3423.87653534045,3665.2354373177,3811.10262579493
47,96.5338809034908,2521.05138567495,2657.72420599576,2888.82468948856,3149.40437025166,3413.78215760099,3654.8163149933,3800.40821244817
