ROI,Age,centile_5,centile_10,centile_25,centile_50,centile_75,centile_90,centile_95
MUSE_ICV,50.291579999999996,1123425.58370313,1162261.13755383,1239710.94208603,1350814.59099993,1481051.85463084,1601972.84535888,1675909.13546188
MUSE_ICV,51.291579999999996,1127028.06546611,1165850.84680206,1243066.79362748,1353369.62703141,1482167.19236718,1601427.80968458,1674202.64038943
MUSE_ICV,52.291579999999996,1130586.2627054,1169400.13075438,1246392.6678389,1355920.65409465,1483330.9718443002,1601002.89216542,1672671.90036991
MUSE_ICV,53.29158,1134041.04284531,1172857.33108077,1249653.11511231,1358458.11724709,1484567.33615217,1600756.23521732,1671396.85655199
MUSE_ICV,54.29158,1137325.80142093,1176164.50532077,1252808.69226435,1360971.44961384,1485902.46775447,1600750.49915144,1670463.29925657
MUSE_ICV,55.29158,1140373.06306023,1179263.21129166,1255819.94392689,1363450.09716811,1487361.66698823,1601045.87256962,1669953.22053637
MUSE_ICV,56.29158,1143143.06030815,1182118.85896377,1258662.66222848,1365884.34731264,1488951.30878634,1601662.69135751,1669894.81223645
MUSE_ICV,57.29158,1145619.94836596,1184717.42341701,1261325.86680962,1368265.81859455,1490663.30704404,1602590.55569108,1670274.89238965
MUSE_ICV,58.29158,1147809.13311966,1187062.99139276,1263809.97180557,1370586.98108459,1492476.87839375,1603792.75357409,1671045.22644948
MUSE_ICV,59.29158,1149737.81339338,1189178.10620743,1266126.82716637,1372841.00253898,1494358.46528597,1605206.48067075,1672123.03226433
MUSE_ICV,60.29158,1151425.10712496,1191077.9306029,1268282.57985931,1375018.45482906,1496276.61549517,1606776.40711134,1673436.77183049
MUSE_ICV,61.29158,1152870.43322547,1192759.97492079,1270270.22613775,1377104.1625857,1498204.20817159,1608462.22785726,1674937.08761951
MUSE_ICV,62.29158,1154090.27746706,1194236.07201525,1272091.35921858,1379082.89102496,1500103.26047052,1610202.06823681,1676546.22707446
MUSE_ICV,63.29158,1155211.05580197,1195611.22588379,1273805.56736212,1380943.60479068,1501871.82741612,1611801.53993769,1678009.73006874
MUSE_ICV,64.29158000000001,1156401.26046381,1197025.74842805,1275494.08276515,1382677.3177681998,1503386.68280755,1613022.48724224,1679015.30699385
MUSE_ICV,65.29158000000001,1157858.66546885,1198645.57830433,1277256.84604026,1384284.94866158,1504525.35906879,1613619.61661571,1679239.01545869
MUSE_ICV,66.29158000000001,1159802.38305902,1200655.11126744,1279207.23032857,1385775.47908556,1505169.25340631,1613349.01940148,1678357.46046689
MUSE_ICV,67.29158000000001,1162350.78441475,1203153.49663837,1281406.83301785,1387159.33940545,1505270.94748757,1612109.72125823,1676237.13580649
MUSE_ICV,68.29158000000001,1165435.79603729,1206083.42050128,1283823.646293,1388449.14190401,1504906.10197613,1610045.13268053,1673066.98279185
MUSE_ICV,69.29158000000001,1168942.7071053002,1209348.37895188,1286401.57417771,1389655.11745508,1504173.73210033,1607346.61315578,1669099.15381248
MUSE_ICV,70.29158000000001,1172649.62358339,1212760.92388947,1289026.13138194,1390775.39544129,1503215.26993698,1604299.82208224,1664712.25276572
MUSE_ICV,71.29158000000001,1176301.80832731,1216106.7189976003,1291566.56893637,1391804.02480684,1502178.85904088,1601204.71018947,1660302.65706849
MUSE_ICV,72.29158000000001,1179555.11298803,1219097.03590149,1293846.36848737,1392726.97955415,1501245.68036512,1598431.11713441,1656358.50481404
MUSE_ICV,73.29158000000001,1182010.7030838998,1221398.45862632,1295662.26646765,1393524.75058412,1500611.96000167,1596380.4867200002,1653408.54390933
MUSE_ICV,74.29158000000001,1183388.4408038,1222777.9700198,1296872.64766546,1394179.82033634,1500400.56171763,1595305.78361502,1651784.97550085
MUSE_ICV,75.29158000000001,1183580.6857218,1223146.74259473,1297422.65154856,1394677.94347115,1500637.22611291,1595266.03453138,1651565.44739001
MUSE_ICV,76.29158000000001,1182521.00170645,1222450.02311361,1297277.51971872,1395005.70823553,1501326.84183351,1596279.86040371,1652775.55651339
MUSE_ICV,77.29158000000001,1180276.27613833,1220743.3623724,1296467.50703799,1395151.70886595,1502403.41393488,1598226.50809442,1655259.38065507
MUSE_ICV,78.29158000000001,1176953.06310354,1218114.71036488,1295041.62358564,1395105.6805345,1503783.21451877,1600950.76444933,1658816.67333736
MUSE_ICV,79.29158000000001,1172788.73791447,1214760.784554,1293114.51763281,1394863.60105981,1505320.14506022,1604170.00572776,1663079.47988797
MUSE_ICV,80.29158000000001,1168112.73781164,1210954.63043568,1290846.52929203,1394425.35937043,1506823.83880957,1607511.26386526,1667560.76845309
MUSE_ICV,81.29158000000001,1163340.94286032,1207042.37577571,1288445.03689032,1393802.46031678,1508074.50811062,1610532.38793653,1671679.30885573
MUSE_ICV,82.29158000000001,1158999.6402939,1203463.49513664,1286177.54130854,1393021.43597724,1508815.25878227,1612703.69633614,1674734.6651121
MUSE_ICV,83.29158000000001,1155534.83599618,1200590.33876253,1284271.56837333,1392109.43514058,1508839.59198958,1613594.24832574,1676155.58380862
MUSE_ICV,84.29158000000001,1153046.92397535,1198508.64843225,1282785.94581844,1391092.37557851,1508138.85921647,1613163.55002139,1675882.23004722
MUSE_ICV,85.29158000000001,1151545.87368022,1197228.5841336001,1281734.10387549,1389994.45278591,1506755.5552643,1611474.28677062,1673991.00429957
MUSE_ICV,86.29158000000001,1150945.4039806002,1196678.53898649,1281076.74551481,1388828.23697864,1504769.39764792,1608673.96488387,1670673.15618246
MUSE_ICV,87.29158000000001,1151109.34365743,1196744.89391202,1280748.00834545,1387600.7769767,1502278.75343632,1604951.8467297,1666176.07412552
MUSE_ICV,88.29158000000001,1151927.74150757,1197336.20580243,1280695.97058188,1386320.83996426,1499368.57736807,1600468.8307335,1660709.24691131
MUSE_ICV,89.29158000000001,1153323.25094742,1198388.4771224,1280885.75525533,1384999.11345036,1496107.29138562,1595351.11449854,1654435.90784928
MUSE_ICV,90.29158000000001,1155207.58761551,1199829.0030087,1281277.66655902,1383645.74154729,1492566.55672034,1589731.00841554,1647526.87424278
MUSE_ICV,91.29158000000001,1157466.28289363,1201563.8777542,1281819.75116675,1382269.2852504998,1488827.1505046003,1583759.11232674,1640176.52803892
MUSE_ICV,92.29158000000001,1159986.77827124,1203501.29445488,1282461.6898110001,1380877.68757071,1484965.02411225,1577576.21085941,1632565.93070507
MUSE_ICV,93.29158000000001,1162678.8396941002,1205567.91234737,1283163.49483237,1379476.93141157,1481038.86972968,1571290.6051858999,1624833.93478227
MUSE_ICV,94.29158000000001,1165464.78717554,1207700.95512621,1283891.30541403,1378072.04370971,1477097.32463873,1564991.35427346,1617094.23547346
MUSE_ICV,95.29158000000001,1168282.45670792,1209850.33289448,1284618.05764392,1376666.14457317,1473176.53119375,1558744.66392697,1609431.13479373
MUSE_TBR,50.291579999999996,881444.7983071409,924332.514445558,1007326.93816377,1120889.85206025,1250080.40977663,1369475.41310899,1442245.94469361
MUSE_TBR,51.291579999999996,889619.4578122209,931465.6929304029,1012212.12685194,1122230.64525134,1246757.85989565,1361271.47054357,1430812.89314242
MUSE_TBR,52.291579999999996,897503.8197238409,938339.93981057,1016922.56754893,1123562.84210053,1243689.829384,1353637.7217946001,1420176.99622573
MUSE_TBR,53.29158,904965.938387664,944844.390555433,1021389.15176358,1124875.30419392,1240930.13896692,1346685.07309752,1410481.87473489
MUSE_TBR,54.29158,911859.290894489,950856.3437640109,1025535.79922254,1126155.69339354,1238536.82743568,1340532.7217366002,1401881.57417485
MUSE_TBR,55.29158,918036.7117507759,956253.063363038,1029286.93371813,1127391.6863452,1236565.89065949,1335294.75243169,1394522.72682519
MUSE_TBR,56.29158,923443.368770025,960989.509452373,1032614.08162384,1128571.93728563,1235016.80648793,1330971.71643762,1388402.16494346
MUSE_TBR,57.29158,928090.633794578,965075.9879264759,1035522.10881194,1129686.63458025,1233852.74386821,1327491.94390709,1383422.38014044
MUSE_TBR,58.29158,932017.491812195,968545.309272662,1038028.73015738,1130726.28057867,1233024.18797314,1324760.52475796,1379456.95178827
MUSE_TBR,59.29158,935293.17798088,971454.948199469,1040165.7226798,1131681.53201722,1232467.0714097999,1322655.68006562,1376345.74108304
MUSE_TBR,60.29158,937955.2710806999,973834.899732372,1041946.29144416,1132538.32047897,1232130.52081332,1321087.29820238,1373972.38691545
MUSE_TBR,61.29158,939978.7566989,975661.24264179,1043347.39775156,1133272.18969354,1231984.69084665,1320016.93885222,1372291.54968489
MUSE_TBR,62.29158,941347.7117634909,976917.298605538,1044349.6477319,1133857.42107518,1231993.02062612,1319394.61983991,1371243.53311531
MUSE_TBR,63.29158,942152.921778546,977675.269975091,1044986.49567625,1134269.08662079,1232057.58614842,1319049.56641449,1370610.91278208
MUSE_TBR,64.29158000000001,942528.645382155,978043.525564407,1045313.09854746,1134483.68012161,1232058.52593022,1318767.53427381,1370119.77453106
MUSE_TBR,65.29158000000001,942747.6744219741,978247.8911502259,1045460.54053367,1134495.69385134,1231827.45296063,1318224.41019187,1369349.17426323
MUSE_TBR,66.29158000000001,943194.010264522,978608.3180564509,1045620.61798926,1134314.24447933,1231158.44076262,1317011.18156313,1367764.91479816
MUSE_TBR,67.29158000000001,944152.20678404,979362.2531025709,1045937.94300561,1133954.40581391,1229917.72820073,1314856.73800257,1365012.60826398
MUSE_TBR,68.29158000000001,945717.090305971,980590.1960468009,1046467.60293683,1133441.33335782,1228103.19329961,1311739.95552383,1361062.27884637
MUSE_TBR,69.29158000000001,947917.9113998391,982317.4899474321,1047230.79720909,1132797.31548983,1225747.05575268,1307709.60299353,1355975.87300828
MUSE_TBR,70.29158000000001,950615.47603718,984426.7852380159,1048157.53401781,1132026.66494409,1222949.22016489,1302962.34691382,1350012.3184817
MUSE_TBR,71.29158000000001,953601.24239207,986742.9310297971,1049142.17436858,1131127.69684139,1219835.89140406,1297749.30592883,1343501.3129664
MUSE_TBR,72.29158000000001,956369.592385466,988844.1933816341,1049931.18296711,1130087.00801712,1216676.15425356,1292605.61152368,1337141.51492501
MUSE_TBR,73.29158000000001,958248.5776309641,990171.4369970241,1050188.96258432,1128883.30828125,1213812.76114508,1288212.32900452,1331820.12672273
MUSE_TBR,74.29158000000001,958758.393236157,990325.4647449009,1049674.79029358,1127496.49826378,1211478.51943373,1285035.14155184,1328143.870258
MUSE_TBR,75.29158000000001,957666.7183496959,989111.535606549,1048267.72367433,1125908.49555656,1209773.55968756,1283283.33876223,1326388.35221559
MUSE_TBR,76.29158000000001,954835.343649633,986410.890094449,1045889.34428662,1124101.62703968,1208755.90402823,1283089.89484798,1326734.31951377
MUSE_TBR,77.29158000000001,950450.208406862,982371.097411188,1042615.21240119,1122058.62870094,1208311.78050068,1284260.83403142,1328943.14802968
MUSE_TBR,78.29158000000001,944780.2035052229,977207.68729247,1038560.26237686,1119763.88990718,1208289.0618761003,1286530.24378846,1332685.51403883
MUSE_TBR,79.29158000000001,938257.213511316,971274.211554065,1033926.66133616,1117215.39558277,1208461.92970974,1289476.46813779,1337426.19187226
MUSE_TBR,80.29158000000001,931435.049306262,965029.2622286541,1028984.40709238,1114419.44689505,1208535.53876438,1292530.55877735,1342432.4634862
MUSE_TBR,81.29158000000001,924995.7273295029,959045.5837919271,1024083.71398807,1111402.45970922,1208149.75059591,1294965.63508409,1346751.54230762
MUSE_TBR,82.29158000000001,919766.452461085,954026.8010794871,1019669.21866541,1108216.59451122,1206866.78023315,1295859.52954705,1349153.86385335
MUSE_TBR,83.29158000000001,916381.796147108,950519.948088196,1016096.28248416,1104909.39698328,1204326.5970913,1294428.41925159,1348577.2367919
MUSE_TBR,84.29158000000001,914832.438831349,948531.6294529609,1013391.47363661,1101509.85645197,1200524.5525194,1290602.19511511,1344895.6171402
MUSE_TBR,85.29158000000001,914941.044497775,947924.5472049409,1011490.46111905,1098040.90768529,1195560.78988321,1284528.45285255,1338273.39229974
MUSE_TBR,86.29158000000001,916463.9504079309,948500.1696569041,1010281.88239629,1094507.04656965,1189561.54190714,1276432.1132314,1328987.74937151
MUSE_TBR,87.29158000000001,919129.315191195,950032.384378634,1009631.47928132,1090904.30621778,1182672.60331012,1266594.41365578,1317399.61078737
MUSE_TBR,88.29158000000001,922726.470629037,952345.2466157629,1009435.45947554,1087236.51817845,1175029.22103432,1255277.14790874,1303849.12030672
MUSE_TBR,89.29158000000001,927109.750075468,955316.893438355,1009623.78527617,1083516.02562623,1166751.58692214,1242711.44292234,1288639.5755358
MUSE_TBR,90.29158000000001,932083.899781127,958782.841264191,1010099.7648493,1079756.28094735,1158001.71266744,1229217.1944946998,1272196.40825138
MUSE_TBR,91.29158000000001,937347.3256095459,962489.2485473941,1010713.12094844,1075972.68133053,1149016.15813019,1215265.00240025,1255146.6740593
MUSE_TBR,92.29158000000001,942627.361904655,966207.3728477721,1011329.43271864,1072180.07724456,1140007.33175934,1201275.20983277,1238049.39915301
MUSE_TBR,93.29158000000001,947716.620992961,969763.731329363,1011847.1978029,1068389.33194866,1131132.93586053,1187558.55820125,1221316.80452775
MUSE_TBR,94.29158000000001,952459.278654855,973028.8499874771,1012191.79357516,1064609.28240927,1122508.06036688,1174338.43299033,1205243.04370224
MUSE_TBR,95.29158000000001,956760.965178848,975924.760783308,1012318.49725651,1060843.99680318,1114196.52114021,1161737.44535984,1189988.23922997
MUSE_GM,50.291579999999996,446735.69474885,477575.61179168604,528953.278382323,585831.93196366,642515.815387829,693381.8127011929,723759.461348757
MUSE_GM,51.291579999999996,450384.681461858,480309.001923714,530280.177405632,585760.11499436,641200.273171441,691067.0357595329,720897.13789037
MUSE_GM,52.291579999999996,453863.377844625,482919.12707243295,531547.996127026,585683.6233669571,639920.676613953,688815.565935295,718111.105353145
MUSE_GM,53.29158,457133.975333208,485374.047108349,532736.453145971,585597.047968811,638687.833335203,686653.5770597521,715436.983134567
MUSE_GM,54.29158,460154.95917896,487638.73217025603,533823.255685729,585494.343185229,637513.540141004,684609.930474679,712914.202599815
MUSE_GM,55.29158,462886.096320025,489679.099770657,534786.527506015,585369.435049945,636409.34503493,682713.261645033,710582.0880960559
MUSE_GM,56.29158,465314.50776004704,491482.36425205,535615.380421215,585215.6326949,635374.516277047,680969.43433849,708450.929220403
MUSE_GM,57.29158,467447.073510309,493051.34293683706,536307.28502407,585026.232972329,634399.703320783,679367.807384428,706509.744691045
MUSE_GM,58.29158,469298.36163878103,494394.847046439,536862.585171527,584793.607306755,633470.5687542689,677888.9259176521,704736.38704408
MUSE_GM,59.29158,470890.805366679,495527.81945103704,537284.545159189,584509.094557168,632567.457490514,676503.924138461,703096.75534604
MUSE_GM,60.29158,472242.513514585,496461.51767878205,537573.611465983,584161.9346290589,631669.123746585,675182.653838489,701555.592554914
MUSE_GM,61.29158,473364.970043527,497201.155499782,537724.997592408,583736.835123587,630750.313835918,673891.30311394,700074.1331362571
MUSE_GM,62.29158,474269.011865001,497751.41313798795,537733.408852195,583217.809621466,629784.696328077,672594.486550181,698611.679175517
MUSE_GM,63.29158,474973.79149358795,498123.50254187296,537596.810317033,582588.094758395,628740.73117237,671247.3035501221,697115.302790911
MUSE_GM,64.29158000000001,475501.89369449206,498331.560825924,537315.015626833,581831.253589564,627585.350393169,669801.38042496,695527.316378296
MUSE_GM,65.29158000000001,475906.880899596,498416.12185164297,536905.9847734179,580938.968359764,626282.687855216,668194.969958958,693769.9943889971
MUSE_GM,66.29158000000001,476265.13173657603,498437.410319806,536401.575910307,579909.535002794,624795.299995062,666356.5892101839,691750.633153506
MUSE_GM,67.29158000000001,476640.621218024,498447.300570786,535832.131448825,578747.37246348,623099.497914598,664235.328572815,689401.144483214
MUSE_GM,68.29158000000001,477077.96485239896,498484.642030478,535225.966761247,577467.653579791,621195.66317121,661816.7455699721,686697.49521102
MUSE_GM,69.29158000000001,477598.94182798703,498569.95028124604,534601.004475097,576084.568822969,619093.1886467889,659104.870666952,683639.986508873
MUSE_GM,70.29158000000001,478144.03986771795,498657.03218558896,533934.445763053,574602.8382562579,616825.745097972,656160.513395029,680306.108472646
MUSE_GM,71.29158000000001,478628.901962123,498679.08739785897,533190.67240099,573024.103537683,614434.867808334,653063.266936889,676799.16875391
MUSE_GM,72.29158000000001,478888.02212664206,498503.32945123705,532295.382756136,571344.642090784,611993.305716687,649959.741354654,673312.2593777471
MUSE_GM,73.29158000000001,478712.017299431,497960.937173363,531152.664678332,569557.228820342,609590.783701327,647034.1319134521,670089.435177189
MUSE_GM,74.29158000000001,477976.15949949896,496951.011240554,529705.1147087229,567658.4253333671,607284.059057886,644402.952491945,667285.595246279
MUSE_GM,75.29158000000001,476668.734485499,495463.782903564,527947.623465783,565650.610744996,605085.743778276,642090.643068376,664933.550136487
MUSE_GM,76.29158000000001,474802.91566346795,493509.20303275896,525885.702391948,563536.015231382,602996.86874706,640099.242643941,663037.010117005
MUSE_GM,77.29158000000001,472462.955740169,491153.541921951,523554.65359209396,561314.378379404,600980.662231537,638358.55615655,661505.625692967
MUSE_GM,78.29158000000001,469749.686352775,488476.486293276,520997.21702970704,558985.156767421,598991.144957955,636780.066982742,660224.76367706
MUSE_GM,79.29158000000001,466798.64245648397,485586.36799168,518273.30329043104,556550.1088941561,596967.370170151,635242.5525852389,659035.421077373
MUSE_GM,80.29158000000001,463767.983013039,482610.56930181297,515454.608364786,554012.613651915,594837.392791883,633600.116888446,657744.60146028
MUSE_GM,81.29158000000001,460857.187427251,479712.781295784,512638.979245004,551387.993222778,592523.5246775929,631681.862737496,656121.122638921
MUSE_GM,82.29158000000001,458316.24024173705,477101.185152321,509956.571674421,548706.796446449,589941.915889593,629287.266387021,653888.0050692221
MUSE_GM,83.29158000000001,456342.09808324603,474941.546384981,507513.79904321604,545997.790266359,587029.915867501,626258.293763964,650823.655991368
MUSE_GM,84.29158000000001,454969.55384848104,473267.41207331204,505340.111104361,543282.225767264,583795.778670489,622586.4799272079,646906.944442012
MUSE_GM,85.29158000000001,454185.92263094796,472072.83859461296,503440.85979708,540577.610956321,580268.106371008,618308.851860354,642178.94731591
MUSE_GM,86.29158000000001,453913.849037138,471295.963499811,501782.454032596,537885.195780939,576486.446469557,613502.1771375079,636739.847354514
MUSE_GM,87.29158000000001,454047.28304868203,470849.827111604,500313.494748225,535198.688217186,572495.752612872,608262.954534115,630719.498453889
MUSE_GM,88.29158000000001,454487.38203911897,470653.526727351,498986.863996714,532514.464933527,568342.6268167921,602689.131220047,624249.500779764
MUSE_GM,89.29158000000001,455145.562112424,470634.885061048,497761.47300804,529831.819186198,564073.476833864,596875.7944310689,617457.12060247
MUSE_GM,90.29158000000001,455936.96931258205,470725.020066906,496598.702881803,527151.503725475,559735.146458186,590917.629853565,610468.8039736621
MUSE_GM,91.29158000000001,456777.96108121396,470856.779794081,495462.45281452296,524477.573789298,555378.515007379,584914.028496354,603416.134671006
MUSE_GM,92.29158000000001,457597.39617635,470973.318649169,494322.63273440104,521814.328857273,551047.8024275621,578950.45891192,596411.922922102
MUSE_GM,93.29158000000001,458345.327295907,471034.817314578,493158.270495014,519164.884124439,546773.973535053,573086.599178045,589534.865017089
MUSE_GM,94.29158000000001,458985.39755520294,471012.42438840296,491954.347345499,516531.71259804204,542579.547098502,567365.503080574,582841.565587122
MUSE_GM,95.29158000000001,459496.216140098,470889.02984216897,490701.542808485,513915.21130088205,538475.93995853,561809.800188096,576362.029425125
MUSE_WM,50.291579999999996,382487.419340752,400255.39924284705,434280.10321023397,480258.663883688,536716.062965362,598416.570716517,641751.728464675
MUSE_WM,51.291579999999996,383771.45597827603,401493.433313525,435376.95372444205,481050.554393791,536706.937566307,596745.865255659,638424.030346967
MUSE_WM,52.291579999999996,385029.415884929,402707.021315769,436455.048172915,481837.52762684703,536731.07332924,595207.753367544,635351.864397212
MUSE_WM,53.29158,386224.39424847794,403863.92243380204,437492.226943636,482613.200812169,536803.299177102,593838.030983874,632580.731429733
MUSE_WM,54.29158,387314.752648344,404927.96208441706,438463.87815705704,483370.55570372,536939.217003405,592673.416120182,630156.707098527
MUSE_WM,55.29158,388258.249220715,405862.63526729203,439345.396125154,484102.59504344,537153.3546687011,591746.84761725,628119.75072721
MUSE_WM,56.29158,389051.39057359705,406664.44475612295,440132.752529266,484803.252958131,537433.317653254,591030.769656289,626424.756915979
MUSE_WM,57.29158,389721.110093611,407355.666989876,440837.90945096797,485467.605195105,537748.222050927,590457.83668862,624972.786321896
MUSE_WM,58.29158,390319.90706537396,407979.871639624,441485.67671831296,486091.820378294,538054.6408119571,589935.996071296,623633.81625754
MUSE_WM,59.29158,390927.916556809,408603.54336391704,442114.542454602,486673.069761695,538295.897003297,589347.780515008,622246.20466277
MUSE_WM,60.29158,391589.955824596,409263.11285596294,442744.037023775,487206.54228278704,538436.880307368,588625.685740158,620719.547689417
MUSE_WM,61.29158,392267.701983941,409925.000182065,443350.37452735705,487682.975255142,538487.479450351,587800.43087052,619098.130182745
MUSE_WM,62.29158,392914.562912197,410548.968952064,443905.888461056,488092.27950089204,538458.960190746,586904.4852019621,617427.296515261
MUSE_WM,63.29158,393502.938749904,411111.625308755,444393.704334365,488423.15501449397,538341.959887911,585925.186498235,615689.031130666
MUSE_WM,64.29158000000001,394016.418365942,411599.24437822704,444803.057499934,488664.442526439,538119.014386409,584833.043412254,613842.943106955
MUSE_WM,65.29158000000001,394511.527856887,412058.94057895604,445161.32185672,488813.837275471,537750.334894686,583549.655283487,611785.039673173
MUSE_WM,66.29158000000001,395103.86330289603,412586.71098458103,445526.125113261,488876.218439405,537180.5639418421,581963.775760122,609369.963075391
MUSE_WM,67.29158000000001,395887.44240933703,413259.76692552,445943.31109331705,488857.331027139,536374.564929944,580007.723066419,606512.651379441
MUSE_WM,68.29158000000001,396911.77009712,414117.483415746,446435.817000545,488764.08566182,535330.922019897,577682.5180706329,603220.029571125
MUSE_WM,69.29158000000001,398196.004306609,415173.509464011,447010.51605578,488601.60255178204,534063.684815226,575020.775922575,599540.104325495
MUSE_WM,70.29158000000001,399657.802009594,416356.01031476294,447620.70331222296,488366.222060071,532629.8954176711,572145.753659924,595640.024990188
MUSE_WM,71.29158000000001,401179.583395001,417564.41865307296,448202.726193065,488051.58608249796,531096.525156936,569197.7857805371,591706.087106553
MUSE_WM,72.29158000000001,402553.84775127104,418624.313790268,448649.609603144,487648.334458821,529570.254001822,566392.385434083,588019.462513328
MUSE_WM,73.29158000000001,403521.693666484,419319.65621767205,448830.495271001,487145.151078635,528176.324679747,563977.4821270889,584899.976251901
MUSE_WM,74.29158000000001,403881.840487561,419483.019629359,448644.550714421,486533.558148405,527008.778056432,562134.921505117,582578.859420153
MUSE_WM,75.29158000000001,403508.66701021296,419009.587723581,448028.54129916703,485809.471574179,526129.251017414,560980.693096563,581201.554650583
MUSE_WM,76.29158000000001,402316.408621351,417826.187195069,446936.354682664,484969.21494611795,525584.664705659,560605.152039507,580882.605604716
MUSE_WM,77.29158000000001,400357.03941172705,415971.81727368705,445385.47068014,484008.993296218,525354.410931233,560974.029664027,581579.53424009
MUSE_WM,78.29158000000001,397728.20993157703,413521.92870471603,443413.242818926,482925.679443034,525402.928910897,562029.809699211,583224.212169159
MUSE_WM,79.29158000000001,394698.053560091,410695.144305315,441144.186239495,481722.22207783296,525607.84253485,563545.516642787,585530.612704122
MUSE_WM,80.29158000000001,391648.520903876,407808.21209680795,438765.084078818,480405.15180618706,525776.97099104,565155.911468368,588033.257039419
MUSE_WM,81.29158000000001,388988.81662495,405206.309641399,436486.709929294,478985.38271719,525686.949249004,566425.192089219,590170.211772954
MUSE_WM,82.29158000000001,387138.850612555,403250.89466483897,434539.10347732296,477479.395840245,525083.120520912,566838.252866087,591265.8859860239
MUSE_WM,83.29158000000001,386369.74193019705,402183.789429185,433086.31493041705,475901.15901537,523762.903265531,565966.581222644,590745.437848446
MUSE_WM,84.29158000000001,386543.55333132,401903.11625316,432084.201344227,474256.05092953297,521748.18176341796,563816.856426042,588594.0023989129
MUSE_WM,85.29158000000001,387438.124437731,402232.23341031396,431439.15952755604,472547.70547116705,519124.710997209,560524.568403585,584965.802047791
MUSE_WM,86.29158000000001,388857.211755055,403011.481528678,431062.359297924,470779.02966286,515984.89033617295,556248.198219928,580051.508435572
MUSE_WM,87.29158000000001,390628.374998125,404097.794353035,430870.94210544205,468952.81785813795,512426.017021946,551165.385244522,574073.64633923
MUSE_WM,88.29158000000001,392621.038931429,405381.47166174796,430801.23211812705,467078.35469445103,508548.76680802205,545464.84873045,567275.330005727
MUSE_WM,89.29158000000001,394745.735696894,406786.80245054705,430810.648716978,465171.93437757296,504452.139198919,539333.247839426,559901.086316781
MUSE_WM,90.29158000000001,396925.401443439,408248.20342001104,430861.92462118,463248.606641646,500227.682323594,532945.757622743,552182.518233267
MUSE_WM,91.29158000000001,399093.26638949703,409708.39863133704,430921.507784881,461319.72874781,495953.95488661295,526455.511633265,544323.6076245389
MUSE_WM,92.29158000000001,401192.69176024396,411118.83784928,430960.96411198896,459395.073849484,491698.042574648,519993.036588561,536498.087466042
MUSE_WM,93.29158000000001,403171.554756126,412434.53884223604,430952.681477491,457479.435598625,487512.450469788,513662.579018235,528844.990229105
MUSE_WM,94.29158000000001,404986.801124471,413618.28193188604,430873.427907948,455575.343577414,483436.87936905,507543.092567263,521469.17731522
MUSE_WM,95.29158000000001,406609.912175527,414645.186865089,430707.109352216,453683.06075456296,479494.921278705,501682.047796347,514433.50519451
MUSE_VN,50.291579999999996,21671.233255681298,23615.419698819904,27235.4836889479,31868.768816183398,37237.9863369584,42789.2880487564,46475.355755214805
MUSE_VN,51.291579999999996,21526.8397809728,23596.261473178598,27478.1830146219,32494.429191465097,38365.134433279905,44491.0027091435,48586.404255308495
MUSE_VN,52.291579999999996,21341.9799523819,23541.876786772402,27701.5869290312,33132.3702484581,39555.9144960089,46324.997010864696,50883.531679169806
MUSE_VN,53.29158,21110.016875221798,23445.923840997002,27901.1408992521,33782.8202688996,40819.7587203187,48314.443037293,53401.4186429692
MUSE_VN,54.29158,20824.1251232003,23301.685848274,28071.824338600698,34446.0320732064,42167.715584825,50487.0873197308,56182.0817293143
MUSE_VN,55.29158,20478.3941826837,23102.983624841498,28208.6603751036,35122.2583082986,43611.8927401521,52874.3616106925,59273.938689746
MUSE_VN,56.29158,20073.9045468186,22849.506943843502,28310.1147032946,35811.7497101977,45160.4008984622,55500.0597560955,62715.839523340306
MUSE_VN,57.29158,19619.434325191498,22547.6715654673,28378.879176821298,36514.7637581973,46815.5364021867,58375.6604103161,66529.9942031142
MUSE_VN,58.29158,19142.2663930699,22220.6354130342,28428.855645492902,37231.56411914,48561.1812333234,61469.545167537195,70676.2255192509
MUSE_VN,59.29158,18690.7870690058,21911.5049121949,28488.247223424798,37962.4193240568,50354.235879154,64683.13842658231,75014.0157366347
MUSE_VN,60.29158,18316.1958954091,21667.5633783222,28589.847552862404,38707.602659524906,52137.5164008605,67877.7599823456,79338.40831345049
MUSE_VN,61.29158,18063.6316513352,21532.036181783,28765.3596327748,39467.3916679908,53849.285008583895,70896.6947768458,83411.5619902224
MUSE_VN,62.29158,17973.4329002721,21544.589861347198,29045.071383966602,40242.0692899296,55425.8439257921,73573.1202312025,86975.7183349415
MUSE_VN,63.29158,18054.6829036614,21716.0093767003,29439.222468865697,41031.925393646205,56839.4057966896,75827.69388268559,89902.9285629674
MUSE_VN,64.29158000000001,18303.7606644869,22044.4772831276,29948.338152739103,41837.2559570191,58083.2870558103,77636.4813507198,92151.0309233528
MUSE_VN,65.29158000000001,18722.2733611956,22532.090614763598,30574.6431384361,42658.3623821844,59151.6264528521,78981.6772086845,93690.6339819822
MUSE_VN,66.29158000000001,19316.4565557155,23184.3627322863,31321.761987680602,43495.5516270324,60039.8705398806,79852.8633756897,94507.1065779663
MUSE_VN,67.29158000000001,20079.5287792938,23993.9423612212,32183.4028475511,44349.1357648347,60765.3728529649,80297.8490131336,94676.7135682454
MUSE_VN,68.29158000000001,20980.2200332589,24930.476669313903,33136.8374104694,45219.4313593658,61377.0873408422,80444.1307921559,94396.524159286
MUSE_VN,69.29158000000001,21972.1755860823,25950.0985734248,34150.4274760886,46106.7606099412,61938.167385129906,80451.8976068607,93910.4307318869
MUSE_VN,70.29158000000001,22961.3559806552,26966.582486539,35164.9194866694,47011.45104177389,62555.2353925413,80581.5846473763,93606.36173746221
MUSE_VN,71.29158000000001,23842.034728234903,27884.921933803198,36117.1412524973,47933.836182608204,63334.2315427539,81084.1736463576,93851.49019413651
MUSE_VN,72.29158000000001,24567.1405740946,28664.126836509,36981.3278221855,48874.2573213667,64313.6962592797,82045.1234011508,94765.8754523527
MUSE_VN,73.29158000000001,25130.350223738198,29299.6038712725,37755.6966916996,49833.0632265405,65493.3129732824,83458.7633917449,96337.18140695199
MUSE_VN,74.29158000000001,25545.9266829378,29804.584974616802,38449.594844637,50810.6073971709,66856.9490159062,85284.6763353415,98504.64501575369
MUSE_VN,75.29158000000001,25862.422892804,30222.6761756946,39092.1234828096,51807.246918045,68357.2517946937,87409.9299739355,101102.705478315
MUSE_VN,76.29158000000001,26137.125433973302,30605.302916739303,39717.5619133346,52823.3452175041,69938.3718342206,89701.497183859,103936.44972407901
MUSE_VN,77.29158000000001,26439.233325122597,31014.9652395065,40367.9749253456,53859.272811984,71530.0253740459,91990.4597478044,106757.001663128
MUSE_VN,78.29158000000001,26840.7672042921,31517.127110929,41087.8779705648,54915.407468167694,73056.1202105589,94092.22132567212,109290.87896861199
MUSE_VN,79.29158000000001,27366.7994931246,32134.809141781898,41893.2344910722,55992.1379875524,74489.2407978633,95939.07258833731,111436.923568069
MUSE_VN,80.29158000000001,28012.1393597053,32863.36614613,42781.058406637996,57089.8630623392,75835.5302054322,97545.1912705226,113215.83650235599
MUSE_VN,81.29158000000001,28745.6686216317,33674.4655243896,43732.1557686449,58208.99483580099,77129.7971896034,98994.64688771711,114752.28450698301
MUSE_VN,82.29158000000001,29501.366331986203,34508.260741238904,44706.1774953258,59349.961374094804,78442.7916619456,100457.65888876199,116297.81775383401
MUSE_VN,83.29158000000001,30218.413233325096,35309.9046136763,45666.4665332467,60513.2003561689,79837.8183193445,102085.328165899,118074.73565614199
MUSE_VN,84.29158000000001,30869.4554686012,36054.9229482352,46596.932720772595,61699.158945769406,81342.6953089031,103943.027089498,120178.51619400801
MUSE_VN,85.29158000000001,31438.180191092997,36728.7441950087,47488.0635667882,62908.2934601396,82974.3746106203,106070.34416252199,122666.899472596
MUSE_VN,86.29158000000001,31954.378061622203,37358.2705365492,48358.027030271,64141.0667648463,84703.4558622351,108396.334563664,125435.338753326
MUSE_VN,87.29158000000001,32473.9801879365,37994.0003387983,49240.829588959,65397.94981380481,86473.7067628037,110785.72707842801,128284.54846650599
MUSE_VN,88.29158000000001,33065.7016377478,38698.1087933387,50178.467335769004,66679.422383984,88214.8291348267,113068.959287525,130964.25018464199
MUSE_VN,89.29158000000001,33812.3961656594,39545.5733253088,51221.5746473929,67985.97311142129,89841.7420368466,115040.85286160001,133171.560691043
MUSE_VN,90.29158000000001,34775.6087329711,40591.7288275129,52407.1578073408,69318.1000314753,91294.1121552924,116557.20311177199,134694.828010799
MUSE_VN,91.29158000000001,35948.9517714631,41829.918720737995,53729.888418185095,70676.3098790874,92586.0175323074,117654.81569615699,135591.256615016
MUSE_VN,92.29158000000001,37309.9982120771,43238.6652875175,55174.133381043604,72061.1191556431,93750.22413189619,118416.39641365301,135986.566404043
MUSE_VN,93.29158000000001,38818.806763105,44780.832089507596,56713.938778574906,73473.0528434865,94836.2089177117,118963.721378424,136063.119332829
MUSE_VN,94.29158000000001,40427.529874995496,46412.728394374295,58319.6042268492,74912.65047017009,95897.4415529831,119425.584488834,136011.401272783
MUSE_VN,95.29158000000001,42104.3104472836,48105.536506046505,59971.8846831731,76380.423195371,96967.8683141751,119882.27578888,135948.986602654
MUSE_HIPPOL,50.291579999999996,2692.7125222587197,2901.1405725131394,3222.54408471716,3520.52001670508,3848.2563579764897,4283.97892369233,4627.47439904631
MUSE_HIPPOL,51.291579999999996,2676.32161718772,2881.2872356878,3200.71869022553,3503.18937373005,3835.78207858826,4267.376380274621,4602.04972629127
MUSE_HIPPOL,52.291579999999996,2660.20633690295,2861.72109953489,3179.09944634284,3485.9434959305895,3823.21883347755,4250.49079363529,4576.4203264971
MUSE_HIPPOL,53.29158,2644.34982918803,2842.4117903508504,3157.6569150656896,3468.78134198581,3810.5988731402203,4233.37059269063,4550.62483788372
MUSE_HIPPOL,54.29158,2628.7393552227104,2823.3335433853003,3136.3646208834302,3451.7019833833697,3797.9511167515398,4216.05674411585,4524.69366784033
MUSE_HIPPOL,55.29158,2613.36595000447,2804.46784071074,3115.20347067151,3434.70448643795,3785.2955283536403,4198.57872853863,4498.64968488598
MUSE_HIPPOL,56.29158,2598.22708316742,2785.7987875202502,3094.1528569598604,3417.7878056757104,3772.65359172981,4180.96134271883,4472.50394220844
MUSE_HIPPOL,57.29158,2583.32604391983,2767.3159175121505,3073.19547433836,3400.95090629044,3760.0427481116703,4163.2210336181,4446.25769724567
MUSE_HIPPOL,58.29158,2568.67281566062,2749.01758778298,3052.32200178971,3384.19272317081,3747.47069537604,4145.36118813105,4419.90151191305
MUSE_HIPPOL,59.29158,2554.28332863707,2730.9094311660997,3031.52955892272,3367.51213750084,3734.9372472469104,4127.37475777906,4393.417085942
MUSE_HIPPOL,60.29158,2540.1687487849804,2713.00528580109,3010.83211266005,3350.9079884101,3722.42200527925,4109.24338221036,4366.794723974721
MUSE_HIPPOL,61.29158,2526.3254779139397,2695.32951006583,2990.27282965007,3334.37901029408,3709.8697361748,4090.9344756676,4340.04814546509
MUSE_HIPPOL,62.29158,2512.7356057597303,2677.9047807469397,2969.90520302466,3317.9240235793604,3697.2136626365204,4072.4192771963103,4313.21269829385
MUSE_HIPPOL,63.29158,2499.33113218927,2660.75764715196,2949.83160063166,3301.54231867474,3684.3308976450103,4053.6660174648205,4286.3987622902205
MUSE_HIPPOL,64.29158000000001,2486.01908940859,2643.90002525369,2930.1532919417605,3285.23336740464,3671.101834332,4034.66475765693,4259.7485472670205
MUSE_HIPPOL,65.29158000000001,2472.69939607059,2627.32156391783,2910.9424493788397,3268.99693873852,3657.44364106581,4015.43710507507,4233.4078447233505
MUSE_HIPPOL,66.29158000000001,2459.26946086556,2610.99650486696,2892.2479544399393,3252.8330387084698,3643.30301642117,3996.0254693420793,4207.51883150597
MUSE_HIPPOL,67.29158000000001,2445.6352805542397,2594.89130926762,2874.0975173208803,3236.7419930735305,3628.65355818128,3976.48210985281,4182.2045547363
MUSE_HIPPOL,68.29158000000001,2431.72021603402,2578.96885341545,2856.49682607342,3220.7246979514803,3613.49686914736,3956.86364430215,4157.55835731479
MUSE_HIPPOL,69.29158000000001,2417.4532820424697,2563.1877136560197,2839.43818786161,3204.78207751239,3597.8508125468798,3937.23046868123,4133.66084944595
MUSE_HIPPOL,70.29158000000001,2402.76976364335,2547.48024624706,2822.8657560203496,3188.91498048881,3581.7889205421,3917.67455574057,4110.57961986767
MUSE_HIPPOL,71.29158000000001,2387.60975169555,2531.7770566724203,2806.71626900435,3173.1241764035803,3565.3922006262897,3898.28653673323,4088.3720076637396
MUSE_HIPPOL,72.29158000000001,2371.9320225893202,2516.0092800331895,2790.9116715420396,3157.4098836990997,3548.75615173927,3879.1516986180104,4067.0659734702294
MUSE_HIPPOL,73.29158000000001,2355.7076564763897,2500.10984898532,2775.36688281737,3141.77194781388,3531.9817572812,3860.3489182096205,4046.6706347053296
MUSE_HIPPOL,74.29158000000001,2338.9130495993,2484.03249381342,2760.0256036018104,3126.20999062318,3515.1350893150798,3841.9275806882897,4027.18676574359
MUSE_HIPPOL,75.29158000000001,2321.5323239600198,2467.75983779147,2744.8707629386104,3110.7233064537895,3498.23618476365,3823.89869783221,4008.60380475411
MUSE_HIPPOL,76.29158000000001,2303.5589154151503,2451.2816597587303,2729.88895147362,3095.3112880107105,3481.30081946383,3806.26409619855,3990.8992849703795
MUSE_HIPPOL,77.29158000000001,2285.0217364829,2434.59873616177,2715.05530960823,3079.97377361785,3464.3581078379802,3789.0129413673903,3974.0070294429497
MUSE_HIPPOL,78.29158000000001,2265.96251384868,2417.71751784091,2700.34358671869,3064.71064869469,3447.43819139542,3772.1278350535204,3957.8470361860795
MUSE_HIPPOL,79.29158000000001,2246.46821791383,2400.67496896679,2685.73860762113,3049.5212722855895,3430.55731048154,3755.5544410594202,3942.2848056352204
MUSE_HIPPOL,80.29158000000001,2226.6532765095003,2383.5251323382104,2671.2298606068603,3034.40471963768,3413.72566328887,3739.21952007628,3927.1567473648706
MUSE_HIPPOL,81.29158000000001,2206.6241713176396,2366.34288887209,2656.8456935579,3019.36036365901,3396.91167214476,3723.0287769365505,3912.31612525694
MUSE_HIPPOL,82.29158000000001,2186.4768163944,2349.23439853649,2642.67082842412,3004.3879583313696,3380.0244653392306,3706.85620136252,3897.63575524925
MUSE_HIPPOL,83.29158000000001,2166.30456701902,2332.30419660157,2628.78857179209,2989.4874211729602,3362.97714651553,3690.58288624334,3882.99734064019
MUSE_HIPPOL,84.29158000000001,2146.18551238318,2315.6341715949898,2615.25859247565,2974.65909280812,3345.7109811012,3674.1212265370295,3868.3067214375897
MUSE_HIPPOL,85.29158000000001,2126.1939888869397,2299.3001182828198,2602.1331980113,2959.9033209675395,3328.1765388032104,3657.39428994984,3853.47868898725
MUSE_HIPPOL,86.29158000000001,2106.37276324067,2283.34249120238,2589.43442016696,2945.2199410087605,3310.35652050128,3640.3666870131397,3838.4672803728795
MUSE_HIPPOL,87.29158000000001,2086.74922141785,2267.78405204465,2577.1685615951897,2930.60854746024,3292.2501144917305,3623.0238198576203,3823.2459532225503
MUSE_HIPPOL,88.29158000000001,2067.33011439378,2252.63354612367,2565.33588597139,2916.0687493141304,3273.86290828953,3605.36738542354,3807.8128123859797
MUSE_HIPPOL,89.29158000000001,2048.09874082473,2237.88458733496,2553.93092727181,2901.60017313265,3255.20635027956,3587.41570898895,3792.19212877423
MUSE_HIPPOL,90.29158000000001,2029.0401729446899,2223.5282872386897,2542.9423065043898,2887.2025076250898,3236.29781996987,3569.1895710271706,3776.4055413333003
MUSE_HIPPOL,91.29158000000001,2010.14454818046,2209.5478420829604,2532.3427589129997,2872.87560350364,3217.1708262473603,3550.7179330886297,3760.4690014626794
MUSE_HIPPOL,92.29158000000001,1991.40426170268,2195.923795351,2522.09956552633,2858.6193939578,3197.86378834621,3532.0320244068103,3744.39631387399
MUSE_HIPPOL,93.29158000000001,1972.8197338605103,2182.6357263548,2512.17354292553,2844.43394821655,3178.42111329667,3513.16400878049,3728.1944862609203
MUSE_HIPPOL,94.29158000000001,1954.39648962689,2169.66193199605,2502.52165575492,2830.3196736291497,3158.8910080576197,3494.1484697025103,3711.86952020245
MUSE_HIPPOL,95.29158000000001,1936.15196727615,2156.99756592692,2493.11866025677,2816.2773844478197,3139.3041991998903,3475.00547536158,3695.4225857742604
MUSE_HIPPOR,50.291579999999996,2318.38134887067,2522.35706962274,2863.1915555247997,3241.8834143140302,3620.57527310326,3961.40975900532,4165.38547975739
MUSE_HIPPOR,51.291579999999996,2313.51793947245,2515.6277733838197,2853.34444418634,3228.57218404322,3603.7999239001097,3941.5165947026294,4143.626428613989
MUSE_HIPPOR,52.291579999999996,2308.56529817779,2508.82895407323,2843.46074235825,3215.26095377239,3587.0611651865206,3921.69295347154,4121.95660936698
MUSE_HIPPOR,53.29158,2303.51326399022,2501.95269497381,2833.53628341569,3201.9497235015,3570.3631635873103,3901.94675202919,4100.38618301278
MUSE_HIPPOR,54.29158,2298.35091496434,2494.99048649174,2823.56658869857,3188.63849323049,3553.71039776242,3882.2864999692497,4078.92607149665
MUSE_HIPPOR,55.29158,2293.0679392144,2487.93429434778,2813.54742970828,3175.3272629593203,3537.10709621036,3862.72023157085,4057.5865867042403
MUSE_HIPPOR,56.29158,2287.67316893708,2480.7909999539397,2803.48242818113,3162.01603268797,3520.54963719481,3843.24106542199,4036.35889643885
MUSE_HIPPOR,57.29158,2282.18957479522,2473.5785003974697,2793.3810034820503,3148.70480241638,3504.0286013507002,3823.8311044352795,4015.22003003754
MUSE_HIPPOR,58.29158,2276.66440788041,2466.33361032827,2783.26253142445,3135.39357214451,3487.52461286456,3804.45353396075,3994.1227364086
MUSE_HIPPOR,59.29158,2271.16816462621,2459.11125549368,2773.15591982177,3122.0823418723,3471.00876392284,3785.05342825092,3972.9965191184
MUSE_HIPPOR,60.29158,2265.7562951697,2451.95463864977,2763.0839065933196,3108.7711115997,3454.45831660609,3765.58758454964,3951.7859280297102
MUSE_HIPPOR,61.29158,2260.45282793994,2444.8824810191,2753.05634485232,3095.4598813266102,3437.8634178009,3746.0372816341205,3930.4669347132794
MUSE_HIPPOR,62.29158,2255.25979299745,2437.8963642787,2743.07406704669,3082.14865105297,3421.22323505925,3726.40093782724,3909.0375091084798
MUSE_HIPPOR,63.29158,2250.08582011848,2430.9250993261603,2733.09960584288,3068.8374207787,3404.57523571453,3706.74974223125,3887.58902143892
MUSE_HIPPOR,64.29158000000001,2244.81032194834,2423.87473317339,2723.08351311163,3055.5261905038,3387.9688678959697,3687.1776478342,3866.24205905926
MUSE_HIPPOR,65.29158000000001,2239.30039183555,2416.64171452291,2712.9712890648198,3042.2149602282598,3371.4586313916902,3667.7882059336,3845.12952862096
MUSE_HIPPOR,66.29158000000001,2233.41489061659,2409.11607789633,2702.70505808512,3028.9037299521196,3355.1024018191197,3648.6913820079103,3824.39256928765
MUSE_HIPPOR,67.29158000000001,2227.0428018022603,2401.2113272351603,2692.2392966786497,3015.5924996754698,3338.94570267229,3629.973672115779,3804.1421975486796
MUSE_HIPPOR,68.29158000000001,2220.12297882682,2392.8798215361603,2681.5489310448997,3002.28126939844,3323.01360775198,3611.6827172607204,3784.4395599700606
MUSE_HIPPOR,69.29158000000001,2212.59835643904,2384.0770996626,2670.61056096986,2988.9700391212,3307.3295172725298,3593.8629785797903,3765.34172180335
MUSE_HIPPOR,70.29158000000001,2204.40271156416,2374.75156536075,2659.39703097642,2975.65880884387,3291.92058671132,3576.5660523270003,3746.91490612358
MUSE_HIPPOR,71.29158000000001,2195.4672701718,2364.84963485586,2647.88013954097,2962.34757856666,3276.81501759234,3559.8455222774605,3729.22788696151
MUSE_HIPPOR,72.29158000000001,2185.72013873075,2354.31529388262,2636.03040595527,2949.03634828959,3262.0422906239,3543.7574026965503,3712.3525578484296
MUSE_HIPPOR,73.29158000000001,2175.0870384958,2343.09066978864,2623.81737142867,2935.7251180126696,3247.6328645966805,3528.35956623671,3696.3631975295502
MUSE_HIPPOR,74.29158000000001,2163.52091184689,2331.1390986631,2611.2217394828,2922.41388773591,3233.60603598901,3513.68867680871,3681.30686362492
MUSE_HIPPOR,75.29158000000001,2151.01662476972,2318.45658045155,2598.24140486038,2909.10265745923,3219.9639100580703,3499.7487344669,3667.18869014873
MUSE_HIPPOR,76.29158000000001,2137.58333967733,2305.0502538468104,2584.88012470649,2895.7914271826503,3206.7027296588103,3486.5326005184997,3653.9995146879796
MUSE_HIPPOR,77.29158000000001,2123.27871821433,2290.9650446523997,2571.16154379258,2882.48019690599,3193.7988500193896,3473.99534915958,3641.6816755976397
MUSE_HIPPOR,78.29158000000001,2108.17303741588,2276.25570767628,2557.11447996559,2869.16896662942,3181.2234532932503,3462.0822255825606,3630.1648958429705
MUSE_HIPPOR,79.29158000000001,2092.367418569,2261.0010293475502,2542.78039908627,2855.85773635275,3168.93507361924,3450.7144433579497,3619.3480541365
MUSE_HIPPOR,80.29158000000001,2075.98076448344,2245.29365017817,2528.2080585184804,2842.5465060763695,3156.8849536342605,3439.79936197457,3609.1122476693
MUSE_HIPPOR,81.29158000000001,2059.11768027649,2229.2150709469897,2513.44035270458,2829.2352757998997,3145.0301988952197,3429.2554806528196,3599.3528713233204
MUSE_HIPPOR,82.29158000000001,2041.8641325181602,2212.8322706183103,2498.51253315224,2815.92404552324,3133.33555789424,3419.01582042817,3589.9839585283203
MUSE_HIPPOR,83.29158000000001,2024.31357064829,2196.21805827031,2483.46291980031,2802.61281524753,3121.76271069474,3409.00757222474,3580.9120598467603
MUSE_HIPPOR,84.29158000000001,2006.5848611337601,2179.46504609892,2468.3402551091,2789.3015849717895,3110.26291483448,3399.1381238446697,3572.0183088098297
MUSE_HIPPOR,85.29158000000001,1988.80259426754,2162.67030589373,2453.19562865561,2775.9903546964897,3098.78508073736,3389.3104034992402,3563.1781151254295
MUSE_HIPPOR,86.29158000000001,1971.08249208728,2145.92399993791,2438.0764934939803,2762.67912442155,3087.28175534912,3379.4342489051896,3554.2757567558297
MUSE_HIPPOR,87.29158000000001,1953.53506568936,2129.31223052423,2423.02816587636,2749.36789414692,3075.70762241748,3369.4235577696004,3545.20072260448
MUSE_HIPPOR,88.29158000000001,1936.21408116702,2112.87688832297,2408.0726931619397,2736.05666387249,3064.0406345830497,3359.2364394220194,3535.8992465779706
MUSE_HIPPOR,89.29158000000001,1919.10890394119,2096.6096876354604,2393.2057145282197,2722.7454335981797,3052.2851526681397,3348.88117956091,3526.3819632551795
MUSE_HIPPOR,90.29158000000001,1902.2001340416398,2080.4955134010997,2378.41927481074,2709.4342033239,3040.4491318370697,3338.3728932466997,3516.66827260617
MUSE_HIPPOR,91.29158000000001,1885.45510284851,2064.5089125824697,2363.6999778939103,2696.12297304962,3028.5459682053197,3327.73703351676,3506.79084325072
MUSE_HIPPOR,92.29158000000001,1868.8378858702201,2048.6218954012,2349.0330925573003,2682.81174277531,3016.59039299331,3317.0015901494103,3496.7855996803996
MUSE_HIPPOR,93.29158000000001,1852.30890043284,2032.80362188656,2334.40238750383,2669.50051250096,3004.59863749808,3306.1974031153495,3486.6921245690696
MUSE_HIPPOR,94.29158000000001,1835.82730940168,2017.02227468226,2319.79111703148,2656.18928222663,2992.58744742178,3295.356289771,3476.55125505158
MUSE_HIPPOR,95.29158000000001,1819.36487644936,2001.25585407417,2305.18770253338,2642.87805195223,2980.56840137109,3284.5002498303,3466.3912274551003
MUSE_nTBR,50.291579999999996,1081609.84250683,1100199.83869335,1128038.00826393,1155286.64457493,1179557.93774371,1199383.57918574,1210480.95824154
MUSE_nTBR,51.291579999999996,1081430.21122286,1099913.12933837,1127653.34244507,1154869.44109079,1179157.59020546,1199025.3594709998,1210156.47444878
MUSE_nTBR,52.291579999999996,1081248.72723314,1099625.73034678,1127268.63117515,1154452.26487359,1178757.31566671,1198667.42596214,1209832.50589381
MUSE_nTBR,53.29158,1081063.81641246,1099336.02377769,1126882.21089073,1154033.41283058,1178355.37582417,1198308.01286262,1209507.27273871
MUSE_nTBR,54.29158,1080873.57444284,1099042.05649233,1126492.07480878,1153610.8304526,1177949.67338433,1197944.98902515,1209178.62618541
MUSE_nTBR,55.29158,1080676.06956181,1098741.84814498,1126096.18871933,1153182.43521797,1177538.08223535,1197576.19364493,1208844.38725662
MUSE_nTBR,56.29158,1080468.68581964,1098432.72360189,1125691.80690969,1152745.41611708,1177117.73218168,1197198.70879783,1208501.61246527
MUSE_nTBR,57.29158,1080248.48108335,1098111.67718418,1125275.84568515,1152296.61619624,1176685.39948186,1196809.25647824,1208146.99447905
MUSE_nTBR,58.29158,1080010.56522774,1097773.72436641,1124843.19459179,1151830.8033246,1176235.74095395,1196402.40235797,1207775.04874647
MUSE_nTBR,59.29158,1079748.08371438,1097411.88595928,1124386.70100222,1151340.65462944,1175761.27785253,1195970.53892736,1207378.09612115
MUSE_nTBR,60.29158,1079452.63197729,1097017.60995153,1123897.60289056,1150817.19969493,1175252.84811744,1195504.3449713,1206946.72631905
MUSE_nTBR,61.29158,1079112.57363425,1096579.0629989,1123363.77899721,1150248.02885061,1174697.77625373,1194990.92334887,1206467.91745878
MUSE_nTBR,62.29158,1078714.6047828002,1096082.72141224,1122771.38003731,1149618.96394073,1174081.5794294,1194415.53597585,1205926.7872142
MUSE_nTBR,63.29158,1078238.53069395,1095508.06467062,1122099.39381521,1148908.49358836,1173382.28385189,1193755.82098242,1205300.75365037
MUSE_nTBR,64.29158000000001,1077662.40818038,1094832.80267829,1121325.00181196,1148093.25859076,1172576.02646969,1192987.49036777,1204565.28692068
MUSE_nTBR,65.29158000000001,1076973.545806,1094044.05158282,1120435.02614165,1147159.77296251,1171649.0267303002,1192096.51076262,1203706.20856397
MUSE_nTBR,66.29158000000001,1076166.75798395,1093136.55621915,1119424.10542637,1146102.55519877,1170595.6789027,1191077.16448245,1202717.73525952
MUSE_nTBR,67.29158000000001,1075240.47100676,1092108.73142915,1118290.63764739,1144919.9731321998,1169414.30846752,1189927.73291551,1201598.12108464
MUSE_nTBR,68.29158000000001,1074199.30430849,1090965.28215738,1117039.46152637,1143616.98877206,1168109.97621351,1188653.35083014,1200352.54060529
MUSE_nTBR,69.29158000000001,1073048.46095919,1089711.50411952,1115676.01872187,1142199.1807463001,1166688.37300518,1187259.79480594,1198986.81703291
MUSE_nTBR,70.29158000000001,1071792.71940571,1088352.25917134,1114205.3037882,1140671.66844291,1165154.72021895,1185752.36385436,1197506.29158762
MUSE_nTBR,71.29158000000001,1070437.07897914,1086892.63160183,1112632.53711112,1139039.80178685,1163514.47496452,1184136.5975531999,1195916.54897348
MUSE_nTBR,72.29158000000001,1068990.72712647,1085341.95678724,1110967.2897543001,1137313.38492976,1161777.64553375,1182422.66892277,1194227.8545285
MUSE_nTBR,73.29158000000001,1067465.64453516,1083712.40330855,1109222.03039778,1135505.18806187,1159957.2714723,1180623.83832285,1192453.59339109
MUSE_nTBR,74.29158000000001,1065872.09643243,1082014.39437246,1107407.43745891,1133626.1474452,1158064.51980319,1178751.46227808,1190605.22943348
MUSE_nTBR,75.29158000000001,1064217.64421135,1080255.60516806,1105531.37349933,1131684.31558042,1156107.61218932,1176813.90090651,1188691.20128773
MUSE_nTBR,76.29158000000001,1062507.79717131,1078441.62559461,1103599.56461701,1129685.55710883,1154092.53567616,1174817.24086244,1186717.65214401
MUSE_nTBR,77.29158000000001,1060741.35530024,1076571.23394334,1101610.76436017,1127628.59814179,1152017.98419054,1172760.14485199,1184683.22628786
MUSE_nTBR,78.29158000000001,1058916.71228318,1074642.7964381,1099563.30471332,1125511.73313013,1149882.21030131,1170640.82575936,1182586.11323213
MUSE_nTBR,79.29158000000001,1057043.5566844,1072666.14137881,1097467.24474902,1123345.25984911,1147695.72955085,1168469.98070414,1180437.11408357
MUSE_nTBR,80.29158000000001,1055138.1378312,1070657.7515182,1095339.44846838,1121146.44034218,1145476.17364598,1166265.5538983,1178254.35298999
MUSE_nTBR,81.29158000000001,1053223.26190314,1068640.75821832,1093203.57715254,1118939.49296959,1143248.28362695,1164052.73179882,1176063.27384921
MUSE_nTBR,82.29158000000001,1051330.14572413,1066646.82012712,1091092.00900704,1116757.55665876,1141045.91776939,1161865.98949464,1173898.70937125
MUSE_nTBR,83.29158000000001,1049483.17331095,1064700.65591826,1089030.01566705,1114626.49465758,1138895.50377381,1159732.24244048,1171787.85954333
MUSE_nTBR,84.29158000000001,1047684.40640867,1062804.3342483,1087019.69730876,1112548.45370207,1136799.23928793,1157653.73752714,1169733.00306774
MUSE_nTBR,85.29158000000001,1045930.67622454,1060954.61804903,1085057.72760118,1110520.02664771,1134753.64721487,1155626.94313631,1167730.58014428
MUSE_nTBR,86.29158000000001,1044211.12377452,1059140.47095528,1083132.80462656,1108529.64337381,1132746.90827287,1153639.83055266,1165768.44386573
MUSE_nTBR,87.29158000000001,1042511.41088838,1057347.33098578,1081230.02396178,1106562.04738706,1130763.43478,1151676.53045398,1163830.56425941
MUSE_nTBR,88.29158000000001,1040821.39146162,1055564.89139208,1079338.83565674,1104606.4391875,1128792.19166098,1149725.807082,1161905.59132739
MUSE_nTBR,89.29158000000001,1039135.52213499,1053787.51565337,1077453.46708538,1102656.90855568,1126827.13870048,1147781.50978625,1159987.3122578
MUSE_nTBR,90.29158000000001,1037450.72630887,1052012.0704951999,1075570.70671765,1100710.16688623,1124864.91443039,1145840.21555007,1158072.27011371
MUSE_nTBR,91.29158000000001,1035769.58485972,1050241.16060231,1073693.21062541,1098768.93106631,1122908.29502778,1143904.75353074,1156163.32685418
MUSE_nTBR,92.29158000000001,1034095.07712119,1048477.79431278,1071824.04706859,1096836.33971832,1120960.48805318,1141978.39302664,1154263.78986911
MUSE_nTBR,93.29158000000001,1032427.48801405,1046722.24780034,1069963.49091968,1094912.67283107,1119021.77989822,1140061.42800689,1152373.95972252
MUSE_nTBR,94.29158000000001,1030765.93589293,1044973.6147945999,1068110.60850912,1092996.97373764,1117091.19311867,1138152.86490265,1150492.83560657
MUSE_nTBR,95.29158000000001,1029109.22968031,1043230.67590612,1066264.14662855,1091087.95904661,1115167.41640376,1136251.36992135,1148619.07274773
MUSE_nGM,50.291579999999996,526803.558880265,543827.491343961,570795.525021801,598904.541546828,625366.229011073,647974.747425826,661019.2521399279
MUSE_nGM,51.291579999999996,526586.433910914,543451.0822495171,570201.527173918,598124.385689879,624444.546821807,646955.49376989,659952.741020311
MUSE_nGM,52.291579999999996,526366.745623432,543074.387267022,569609.743245566,597347.986194883,623527.386183597,645941.053333925,658891.103225521
MUSE_nGM,53.29158,526144.841695947,542697.715249256,569020.4547745971,596575.621619622,622615.034299892,644931.724369742,657834.643897786
MUSE_nGM,54.29158,525920.80656755,542321.105539524,568433.662614706,595807.277455668,621707.473406746,643927.489932839,656783.347071306
MUSE_nGM,55.29158,525694.644313655,541944.5158785,567849.28290822,595042.8505824329,620804.5932569,642928.237254954,655737.099029402
MUSE_nGM,56.29158,525464.02138007,541565.4953237929,567264.7086456979,594279.593812907,619903.524702245,641930.995952472,654692.871262318
MUSE_nGM,57.29158,525225.044702268,541179.989572386,566675.657774347,593513.008188469,618999.57321701,640930.906507562,653645.709011895
MUSE_nGM,58.29158,524970.857890753,540780.896639428,566074.663716931,592735.264348005,618084.574097766,639919.518167523,652586.995806599
MUSE_nGM,59.29158,524691.572603317,540357.999749589,565451.0099749711,591935.1380211171,617146.82799375,638884.723921284,651504.3878831461
MUSE_nGM,60.29158,524376.260661231,539900.022422718,564792.885478577,591100.270426496,616173.4606082339,637813.205307988,650384.308196245
MUSE_nGM,61.29158,524011.966867555,539393.613175781,564086.324071834,590216.059751061,615149.268192506,636689.238036969,649210.728795475
MUSE_nGM,62.29158,523584.743077591,538824.412025082,563316.322790519,589266.833803655,614057.941686488,635495.960300368,647966.46468759
MUSE_nGM,63.29158,523076.48904315603,538173.8012678489,562463.447691607,588232.30193842,612878.371287486,634211.549659737,646629.27634103
MUSE_nGM,64.29158000000001,522468.094653234,537422.141960369,561507.221317086,587091.101857711,611588.3448665029,632813.052103698,645175.774544063
MUSE_nGM,65.29158000000001,521745.909496226,536555.428557685,560433.075721024,585828.069899889,610172.122257803,631284.219856117,643589.411746933
MUSE_nGM,66.29158000000001,520900.78373326897,535564.295548018,559231.305455078,584433.138834896,608619.2817440471,629614.314494902,641859.260350017
MUSE_nGM,67.29158000000001,519930.53318808705,534446.54563246,557899.698940517,582904.080780629,606927.571457959,627801.053556486,639983.015242629
MUSE_nGM,68.29158000000001,518845.37390607205,533212.727103825,556449.348528713,581252.567730256,605109.212663239,625857.126280277,637973.634161713
MUSE_nGM,69.29158000000001,517656.962496387,531874.857992182,554892.8656189389,579491.846290592,603178.057382717,623796.903459096,635845.786833928
MUSE_nGM,70.29158000000001,516377.478836581,530445.482503837,553243.394700545,577635.706600846,601148.514065537,621635.325623755,633614.721331516
MUSE_nGM,71.29158000000001,515018.982363036,528937.009501181,551513.922902641,575697.760870663,599034.796211728,619387.125611968,631295.471415854
MUSE_nGM,72.29158000000001,513590.750530305,527358.979219183,549714.43007305,573688.46821229,596847.826095902,617063.626511,628899.5925275161
MUSE_nGM,73.29158000000001,512100.199612654,525719.012229008,547852.882756365,571616.176006776,594596.32113956,614673.866762899,626436.309350363
MUSE_nGM,74.29158000000001,510557.017023294,524027.05318031,545939.658692355,569491.738052506,592291.598973941,612229.568284716,623917.579363014
MUSE_nGM,75.29158000000001,508974.43718071,522296.67769031896,543988.904588645,567329.927573052,589949.044431178,609746.651064005,621359.635507971
MUSE_nGM,76.29158000000001,507365.493308401,520541.244112285,542014.525411725,565145.252211825,587583.756139921,607240.7327591779,618778.399735558
MUSE_nGM,77.29158000000001,505741.705751888,518772.54862884706,540028.7851081829,562950.495909233,585209.031090559,604725.56290353,616187.887591414
MUSE_nGM,78.29158000000001,504113.960698836,517001.728224305,538043.248766906,560757.702857818,582837.38876429,602214.081966369,613601.2876787421
MUSE_nGM,79.29158000000001,502491.271818912,515237.99105115,536067.461687125,558576.800889908,580479.140131435,599716.942432947,611029.454505058
MUSE_nGM,80.29158000000001,500881.653442986,513489.51408454,534109.886610136,556416.580939716,578143.407720135,597243.564183905,608481.984482932
MUSE_nGM,81.29158000000001,499297.220689633,511768.67218156205,532183.3435694721,554290.3648193789,575844.015306873,594808.21921594,605973.415385736
MUSE_nGM,82.29158000000001,497755.413029863,510093.288192059,530306.304143359,552217.348177923,573600.879216132,592431.466136358,603524.686551865
MUSE_nGM,83.29158000000001,496270.868923313,508478.30323332397,528494.227444862,550213.5748167321,571430.630331459,590130.462452975,601153.268938459
MUSE_nGM,84.29158000000001,494848.955984945,506929.152152184,526752.6811111621,548284.7804879029,569339.186134835,587911.29635987,598865.354985513
MUSE_nGM,85.29158000000001,493491.892103398,505448.041392371,525083.875016348,546433.202676332,567328.828720564,585776.3000468779,596663.310160395
MUSE_nGM,86.29158000000001,492191.04894551396,504026.07010092103,523478.48207598703,544649.073892627,565389.37658136,583714.936907237,594536.391908157
MUSE_nGM,87.29158000000001,490932.7185481,502649.14423278795,521921.793318754,542917.036988127,563504.8529601829,581710.6919721289,592467.770599529
MUSE_nGM,88.29158000000001,489703.637240439,501303.63587645796,520399.599436021,541222.2680835071,561659.844773225,579747.638962518,590441.21931639
MUSE_nGM,89.29158000000001,488491.044815189,499976.443109029,518898.251974316,539550.5394665679,559839.567384977,577810.506864524,588441.181544131
MUSE_nGM,90.29158000000001,487285.128240104,498657.490010716,517407.256383773,537890.914522935,558032.659925266,575887.564376831,586455.70842875
MUSE_nGM,91.29158000000001,486083.32964662794,497344.131909211,515923.838271255,536240.4907526879,556236.102924692,573975.692955949,584481.624064362
MUSE_nGM,92.29158000000001,484884.39063186396,496035.05594949296,514446.607773206,534597.80713429,554448.37393463,572073.320031554,582517.3273877989
MUSE_nGM,93.29158000000001,483687.89486763795,494729.81215644703,512975.071752779,532962.335932416,552668.9194910129,570179.873537038,580562.236456844
MUSE_nGM,94.29158000000001,482493.77127598296,493428.30455407,511509.105122514,531333.93249369,550897.583833228,568295.192013838,578616.187565815
MUSE_nGM,95.29158000000001,481301.669181341,492130.151458056,510048.286618345,529712.144199686,549133.891444306,566418.783704306,576678.680445659
MUSE_nWM,50.291579999999996,453260.77596080705,462402.000020266,479038.057112666,499887.142524949,523823.868558717,548705.48929201,565468.2570524861
MUSE_nWM,51.291579999999996,452915.25064495206,462070.210985874,478685.949364479,499421.783771304,523099.02866752795,547553.153371919,563931.527457593
MUSE_nWM,52.291579999999996,452570.643696892,461739.04698228603,478333.81525418,498956.552336598,522378.327640736,546417.249567041,562426.5170701371
MUSE_nWM,53.29158,452226.729578943,461408.27107700007,477981.40685141704,498491.193174017,521661.40309514204,545296.876497673,560951.4289069261
MUSE_nWM,54.29158,451883.26368239603,461077.627511169,477628.45822792896,498025.434464161,520947.880905878,544191.1534588421,559504.5557659629
MUSE_nWM,55.29158,451540.003141439,460746.862222254,477274.70533424796,497559.006460077,520237.39241511,543099.233565829,558084.285605262
MUSE_nWM,56.29158,451196.772575712,460415.78954181896,476919.95435639296,497091.711777805,519529.646623442,542020.375900442,556689.16930148
MUSE_nWM,57.29158,450853.45484365296,460084.28313874104,476564.073026482,496623.41720564704,518824.42250561604,540953.936758269,555317.907456872
MUSE_nWM,58.29158,450509.96460256295,459752.249202528,476206.963122934,496154.02535117295,518121.53956906794,539899.337564809,553969.313206336
MUSE_nWM,59.29158,450166.247579084,459419.625624664,475848.55945969204,495683.47333701706,517420.85603950795,538856.061074301,552642.304082111
MUSE_nWM,60.29158,449821.913965225,459086.008094856,475488.443063097,495211.330451398,516721.849487535,537823.214028131,551335.450490174
MUSE_nWM,61.29158,449475.83586978604,458750.23950360104,475125.41654759896,494736.35704471,516023.15815043,536799.050572147,550046.48553853
MUSE_nWM,62.29158,449126.569675128,458410.84047096205,474757.94933240104,494256.967775498,515323.064201291,535781.474531915,548772.817566407
MUSE_nWM,63.29158,448771.459503364,458065.09430774604,474383.230269104,493770.24607411795,514618.467367316,534766.972810312,547510.4362904021
MUSE_nWM,64.29158000000001,448407.496218301,457709.923482693,473998.075275977,493272.88962498104,513905.872002481,533751.642666681,546254.964243302
MUSE_nWM,65.29158000000001,448032.56295315205,457343.160668684,473600.243088678,492762.57900876604,513182.812182702,532732.670098458,545003.167052774
MUSE_nWM,66.29158000000001,447645.26076907205,456963.370995598,473188.251144392,492237.78532935295,512447.649475732,531708.116351896,543752.730926425
MUSE_nWM,67.29158000000001,447244.059011842,456568.984880013,472760.47762324294,491696.835632544,511698.598825225,530675.904775067,542501.223501734
MUSE_nWM,68.29158000000001,446827.143960053,456158.14336685603,472315.001122623,491137.74605569104,510933.55484254897,529633.640015883,541245.907516904
MUSE_nWM,69.29158000000001,446392.647418034,455728.93181671295,471849.84330991795,490558.475136835,510150.35648082,528578.883002459,539984.021243475
MUSE_nWM,70.29158000000001,445938.566906429,455279.298746254,471362.885471031,489956.83773950004,509346.698158895,527509.058838535,538712.683426692
MUSE_nWM,71.29158000000001,445462.922479994,454807.215739871,470852.03376457,489330.676481812,508520.307538387,526421.639938845,537429.078840396
MUSE_nWM,72.29158000000001,444964.403662556,454311.338345608,470315.904007112,488678.573880423,507669.68581897,525314.911882107,536131.238974746
MUSE_nWM,73.29158000000001,444442.16484199604,453790.797149777,469753.60499360296,487999.626202134,506793.871083252,524187.725921717,534817.786908047
MUSE_nWM,74.29158000000001,443895.840688796,453245.212993763,469164.753087956,487293.45690367,505892.45002031396,523039.508269438,533487.944262939
MUSE_nWM,75.29158000000001,443325.787881695,452674.94368916104,468549.72716388,486560.48053756705,504965.830556042,521870.540012358,532141.814819457
MUSE_nWM,76.29158000000001,442732.54595632205,452080.533739802,467909.09913707897,485801.311083136,504014.62701092,520681.320256212,530779.733592321
MUSE_nWM,77.29158000000001,442117.101104626,451462.983040259,467243.910831938,485017.04788550205,503039.95509576,519472.868980751,529402.573935364
MUSE_nWM,78.29158000000001,441480.770028326,450823.62898737704,466555.55298059294,484209.150927725,502043.303165855,518246.594171966,528011.6116860011
MUSE_nWM,79.29158000000001,440827.133064256,450166.120168386,465847.806857391,483381.558230846,501028.725663111,517006.553698725,526610.8277283871
MUSE_nWM,80.29158000000001,440161.028675521,449495.390058218,465125.782062506,482539.58208701,500001.69610127603,515758.267733309,525205.695165696
MUSE_nWM,81.29158000000001,439486.437828376,448815.49724974,464393.682425953,481687.591659462,498966.705673067,514506.241023785,523800.65537562
MUSE_nWM,82.29158000000001,438806.21729512396,448129.35305991705,463654.52453449,480828.722137515,497926.963820965,513253.656243087,522398.807073789
MUSE_nWM,83.29158000000001,438122.24697389203,447438.871836348,462910.293532,479965.037420967,496884.568624969,512002.551823691,521002.088652184
MUSE_nWM,84.29158000000001,437433.663427549,446743.167434726,462160.078670655,479095.599427142,495838.511317414,510751.76916759706,519609.19136302
MUSE_nWM,85.29158000000001,436739.230767403,446040.973637048,461402.57683379797,478219.064421825,494787.365851316,509499.726285023,518218.38316856796
MUSE_nWM,86.29158000000001,436038.89810235397,445332.23479272,460637.738001222,477335.38851301896,493731.05350316205,508246.234671449,516829.35634730296
MUSE_nWM,87.29158000000001,435333.212935425,444617.506700601,459866.14498472796,476445.183589801,492670.174700385,506991.809026446,515442.523670241
MUSE_nWM,88.29158000000001,434623.630224511,443898.272267586,459089.339592655,475550.054482898,491606.35651157703,505738.02337318205,514059.37927703897
MUSE_nWM,89.29158000000001,433912.592405677,443177.023298689,458309.906860971,474652.68526528706,490542.340408232,504487.59953931,512682.58722608397
MUSE_nWM,90.29158000000001,433202.26456557703,442455.968589475,457530.138558492,473755.454178242,489480.54955779,503242.932219519,511314.481457762
MUSE_nWM,91.29158000000001,432494.001944261,441736.48995391,456751.47070820205,472859.85152500705,488422.487974781,502005.47183129995,509956.439043225
MUSE_nWM,92.29158000000001,431788.873703731,441019.67719323206,455975.03708444705,471967.053519309,487369.33446869795,500776.336231875,508609.50230702705
MUSE_nWM,93.29158000000001,431087.086000972,440305.738756259,455201.05995235,471077.291997427,486321.292344236,499555.643072863,507273.70099290705
MUSE_nWM,94.29158000000001,430388.469705361,439594.49998642,454429.365677175,470190.389002734,485278.142614277,498343.079386266,505948.631400284
MUSE_nWM,95.29158000000001,429692.742334091,438885.66982923896,453659.65931498294,469306.04000785295,484239.535686745,497138.200643988,504633.75967671897
MUSE_nVN,50.291579999999996,23008.9792201696,24726.608322919903,27934.4694551238,32070.501615511603,36921.5446036474,42015.8425487154,45447.497792917195
MUSE_nVN,51.291579999999996,22892.7258845296,24733.1250706075,28195.342280133198,32702.796589074904,38044.6131043965,43710.8378416414,47557.130731265
MUSE_nVN,52.291579999999996,22733.8656187324,24703.0731193613,28436.4968045294,33347.5567106321,39232.3768651003,45541.5052968947,49859.192711086296
MUSE_nVN,53.29158,22526.9323885926,24631.1969167309,28654.1189535442,34005.016721527594,40493.2044975012,47528.9040559526,52385.764539626296
MUSE_nVN,54.29158,22266.2047339456,24511.8599405855,28843.9785881056,34675.4365432008,41836.8696148355,49698.1242391236,55175.483466193604
MUSE_nVN,55.29158,21946.6062449059,24339.791422999,29001.850873349904,35359.0759478285,43274.0439736231,52077.420307802306,58272.5651055666
MUSE_nVN,56.29158,21568.1394255767,24113.9731405716,29126.003510439303,36056.193497616405,44812.4814734604,54689.4590628358,61714.2480115798
MUSE_nVN,57.29158,21136.9142799573,23838.7032970158,29218.0481850335,36767.055029930896,46455.1857780012,57546.5484078351,65523.4645629075
MUSE_nVN,58.29158,20678.433263920702,23535.708570426297,29291.2345027931,37491.9329010617,48185.465752791104,60613.548994243,69652.9428210363
MUSE_nVN,59.29158,20240.947022068798,23247.959464163,29373.897788307597,38231.104765743905,49957.5710306072,63781.28991343571,73942.1834011188
MUSE_nVN,60.29158,19877.3704708646,23024.092961765,29499.8203613946,38984.8534582974,51710.018775616394,66895.1938403647,78156.6063397163
MUSE_nVN,61.29158,19637.1111358317,22910.8732192135,29703.0074340133,39753.466545557996,53374.9826309196,69778.329393801,82021.9970909103
MUSE_nVN,62.29158,19564.8487604946,22951.4565766513,30015.7997127981,40537.2373670077,54884.4877330629,72250.0077547168,85255.536856424
MUSE_nVN,63.29158,19666.8051314959,23153.5410679102,30445.7529712215,41336.4662890405,56217.7925332795,74250.3542429853,87760.1286312843
MUSE_nVN,64.29158000000001,19933.0870926362,23509.0932491348,30988.417090053397,42151.4600565966,57381.2114942579,75793.289526751,89556.20540127199
MUSE_nVN,65.29158000000001,20361.7690996832,24016.5168720677,31642.7740218366,42982.5305958253,58379.0717146813,76892.7500527587,90668.7970618727
MUSE_nVN,66.29158000000001,20958.2007782591,24680.130109234102,32411.013397874398,43829.995223047204,59213.412005574406,77560.8373767738,91123.5536758562
MUSE_nVN,67.29158000000001,21720.2735790432,25496.7048836328,33289.3250078408,44694.176224475705,59900.094643686396,77846.68897962691,91004.0308312795
MUSE_nVN,68.29158000000001,22632.007909108503,26449.9122050166,34264.497142281296,45575.399787059694,60472.76454381309,77843.300719967,90459.0331616665
MUSE_nVN,69.29158000000001,23657.8011403534,27505.7264216075,35311.5601912953,46473.9979041386,60983.6625719085,77685.5802410954,89696.1393790673
MUSE_nVN,70.29158000000001,24687.3531462399,28563.982280416698,36362.681915556095,47390.3081615299,61551.2642475065,77659.3653061964,89137.9002552772
MUSE_nVN,71.29158000000001,25590.889354967596,29509.531266013902,37342.9301809229,48324.6744352137,62294.6715761644,78039.3929282041,89179.3293423512
MUSE_nVN,72.29158000000001,26310.151855391297,30292.489042716497,38221.972575634,49277.4487809142,63254.5053132496,78909.43382334491,89931.87284901369
MUSE_nVN,73.29158000000001,26836.3625771827,30906.621922860802,38997.6523433271,50248.9911113954,64427.87142380019,80253.6449495121,91364.5146560879
MUSE_nVN,74.29158000000001,27189.980654940202,31370.769391445298,39683.204868004104,51239.665207449805,65790.9613803133,82011.4492142575,93385.06891789529
MUSE_nVN,75.29158000000001,27441.878405364398,31747.8736481409,40319.904863421,52249.836803431295,67278.1971632731,84028.2387318733,95768.17932608089
MUSE_nVN,76.29158000000001,27674.700594914902,32111.2733681186,40955.6799059522,53279.87766344519,68814.3827298252,86128.4617630148,98259.6237678401
MUSE_nVN,77.29158000000001,27979.0191200958,32541.652178956097,41643.4840638468,54330.165775684196,70316.1870513774,88118.0735556766,100579.045271604
MUSE_nVN,78.29158000000001,28447.825992176,33121.9965256786,42437.8353895686,55401.0861522664,71698.2776278722,89799.4483957272,102442.05847057699
MUSE_nVN,79.29158000000001,29110.0668924362,33877.8839362319,43355.216060727595,56493.0349394983,72937.69435629451,91121.8069554583,103778.069986108
MUSE_nVN,80.29158000000001,29951.9129433181,34796.2548891931,44386.26732672151,57606.4182261388,74054.18837496151,92134.7624188325,104662.3132741
MUSE_nVN,81.29158000000001,30918.7036985581,35827.6789388315,45497.8992134312,58741.655881261795,75104.4586826795,92972.26748190711,105290.333567229
MUSE_nVN,82.29158000000001,31901.975866996203,36875.887554735804,46627.6083339784,59899.184170365195,76187.2518660507,93860.591304064,105986.30170499
MUSE_nVN,83.29158000000001,32804.080900128196,37855.3883292709,47721.1856883179,61079.448974267805,77383.9729746361,94981.656613839,107006.989296136
MUSE_nVN,84.29158000000001,33586.9715605531,38733.6882587466,48758.9957111658,62282.905527271905,78721.80635188491,96392.59781036731,108430.097322359
MUSE_nVN,85.29158000000001,34229.6965326165,39493.2278234944,49730.870393996105,63510.0182889168,80213.98779924349,98119.30200825179,110289.215070815
MUSE_nVN,86.29158000000001,34772.4239831269,40169.6123501195,50660.0597222733,64761.2591635156,81825.50978649099,100080.683284395,112467.797708092
MUSE_nVN,87.29158000000001,35290.3916187432,40828.8131872031,51588.7131860639,66037.1086546943,83494.9247366044,102138.03609396801,114769.34476163
MUSE_nVN,88.29158000000001,35862.5227742744,41539.9029672295,52560.757891081106,67338.0566334712,85159.1388135971,104150.157110068,116994.91540355
MUSE_nVN,89.29158000000001,36570.5640318865,42374.2623700862,53621.3545978144,68664.6024618892,86754.3236422615,105975.454981101,118946.14354543801
MUSE_nVN,90.29158000000001,37477.011450262995,43386.0365547552,54804.3031768326,70017.2555616893,88234.8321462269,107514.38586930801,120485.13104004801
MUSE_nVN,91.29158000000001,38580.6222810808,44573.2569931678,56107.520459596395,71396.535504812,89608.37307342449,108786.82248736199,121642.39494995301
MUSE_nVN,92.29158000000001,39863.999843075,45919.643575900496,57519.731897875994,72802.972150769,90896.1957497476,109842.56904124,122490.28376685901
MUSE_nVN,93.29158000000001,41289.1049855865,47391.1135068897,59018.70084911,74237.1043045057,92134.3788956648,110763.07210755699,123144.46510765901
MUSE_nVN,94.29158000000001,42808.4357452059,48945.8896071573,60577.9376303211,75699.48582236559,93363.29928362538,111637.442506186,123729.832301327
MUSE_nVN,95.29158000000001,44391.6816383796,50557.5442445036,62180.978026808094,77190.6417402204,94607.72280965731,112519.319335708,124320.81642329699
MUSE_nHIPPOL,50.291579999999996,2888.63928096837,3015.15570556261,3248.15861920029,3544.16061996674,3887.7029657535,4246.89094677757,4489.02773891626
MUSE_nHIPPOL,51.291579999999996,2868.72667293615,2995.98515808485,3229.9356869485805,3526.2982162075896,3868.9866898554997,4225.73188032555,4465.29159143975
MUSE_nHIPPOL,52.291579999999996,2848.8577814264,2976.87716377931,3211.79589936648,3508.5259684995503,3850.3582774889296,4204.67117608902,4441.68301484712
MUSE_nHIPPOL,53.29158,2829.03086606381,2957.8306124658698,3193.73868919464,3490.84341571878,3831.81728575834,4183.70845477137,4418.20130038469
MUSE_nHIPPOL,54.29158,2809.24425562706,2938.84450264747,3175.76363746151,3473.25027324818,3813.3634795997295,4162.8435764654105,4394.84600514252
MUSE_nHIPPOL,55.29158,2789.4962180892,2919.91780323782,3157.8703168288203,3455.7462503301695,3794.99661686461,4142.07638983959,4371.61667583087
MUSE_nHIPPOL,56.29158,2769.7848410169104,2901.0493282006105,3140.0581529716997,3438.3308930488397,3776.71626951841,4121.40653037377,4348.512631479621
MUSE_nHIPPOL,57.29158,2750.10809723201,2882.23780937505,3122.32650836533,3421.00368145169,3758.5219370756,4100.83355190431,4325.53310773962
MUSE_nHIPPOL,58.29158,2730.4638372888,2863.4818907894105,3104.67467718118,3403.7640238890303,3740.4130403024797,4080.3569198360997,4302.6772498353
MUSE_nHIPPOL,59.29158,2710.8497755679,2844.78011583531,3087.1018713861604,3386.61124032079,3722.38890125298,4059.9759879161998,4279.94408720796
MUSE_nHIPPOL,60.29158,2691.26358573385,2826.13103069636,3069.6073355476196,3369.5446900305,3704.4488858110703,4039.6901562171897,4257.3327018132395
MUSE_nHIPPOL,61.29158,2671.7029308800898,2807.53321947435,3052.19038745013,3352.5638174019,3686.5924550812797,4019.49892812183,4234.84228867795
MUSE_nHIPPOL,62.29158,2652.16546303494,2788.9853069312703,3034.8504227784197,3335.6681571158897,3668.81917079759,3999.40191571301,4212.4721611137
MUSE_nHIPPOL,63.29158,2632.6490666738396,2770.48622045641,3017.5872062435997,3318.85765929442,3651.1290581358003,3979.3992400670295,4190.22217516413
MUSE_nHIPPOL,64.29158000000001,2613.15163801153,2752.0349611045503,3000.40062272911,3302.13241336771,3633.5222979476703,3959.4911908239706,4168.09236743016
MUSE_nHIPPOL,65.29158000000001,2593.67101812416,2733.63053652535,2983.29060472211,3285.4925662881,3615.9991341398,3939.6781224255797,4146.08284392139
MUSE_nHIPPOL,66.29158000000001,2574.20497742776,2715.2719492915303,2966.25712212593,3268.93831180412,3598.55986206802,3919.9604416026295,4124.193766933679
MUSE_nHIPPOL,67.29158000000001,2554.7514355614003,2696.95843527685,2949.30044777575,3252.47018634903,3581.2051573374797,3900.3389683329706,4102.42573645852
MUSE_nHIPPOL,68.29158000000001,2535.3086684507,2678.68968987127,2932.4214109639397,3236.08935220533,3563.93639012135,3880.8152796737395,4080.78015231863
MUSE_nHIPPOL,69.29158000000001,2515.87488030437,2660.4654227638603,2915.6209140178303,3219.7970642407,3546.7550362274796,3861.39106551686,4059.25853427451
MUSE_nHIPPOL,70.29158000000001,2496.44827371437,2642.2854420804397,2898.90003365133,3203.59478884368,3529.66281471647,3842.0682842867895,4037.8626891471204
MUSE_nHIPPOL,71.29158000000001,2477.0268708872304,2624.14946998941,2882.25981759922,3187.48397366354,3512.66142728898,3822.84887216111,4016.5944006352297
MUSE_nHIPPOL,72.29158000000001,2457.6080128950302,2606.05661583088,2865.70070253051,3171.46539648034,3495.7518330801195,3803.7339471810496,3995.45458931365
MUSE_nHIPPOL,73.29158000000001,2438.18851534829,2588.00554789455,2849.22270481788,3155.5393760631,3478.93448221547,3784.7240660697703,3974.44358477434
MUSE_nHIPPOL,74.29158000000001,2418.7646849685802,2569.99452254349,2832.8254614151,3139.7058242386497,3462.20938088466,3765.8193030226703,3953.56121358721
MUSE_nHIPPOL,75.29158000000001,2399.3321586505604,2552.0212229722697,2816.5080565966805,3123.9640552766805,3445.5758831205603,3747.01902580113,3932.8065660884295
MUSE_nHIPPOL,76.29158000000001,2379.8864064657896,2534.08329929413,2800.2696133922495,3108.31343312792,3429.03339675638,3728.32265737641,3912.17879262684
MUSE_nHIPPOL,77.29158000000001,2360.4229543052397,2516.17861649717,2784.10957056715,3092.75367708943,3412.58171848361,3709.7300383153706,3891.6774826556602
MUSE_nHIPPOL,78.29158000000001,2340.93709047973,2498.30495575513,2768.0273583105895,3077.2845022277397,3396.22063672152,3691.24099420351,3871.30221016163
MUSE_nHIPPOL,79.29158000000001,2321.42326813482,2480.45937742017,2752.0216757092303,3061.9047931838695,3379.9489981390398,3672.85430300564,3851.05144052255
MUSE_nHIPPOL,80.29158000000001,2301.87535363709,2462.63850346893,2736.09081391554,3046.61297118871,3363.7651226795397,3654.5681571216496,3830.92302237568
MUSE_nHIPPOL,81.29158000000001,2282.28680832,2444.8387283520897,2720.23289618037,3031.4072629539396,3347.6671035057,3636.3804933148103,3810.91453630799
MUSE_nHIPPOL,82.29158000000001,2262.65063624741,2427.0561782926898,2704.44583361196,3016.2856470741103,3331.65274474651,3618.2889234065706,3791.0232215548
MUSE_nHIPPOL,83.29158000000001,2242.9596192393,2409.28699358938,2688.72766184809,3001.24624637518,3315.7200113000204,3600.2912373166496,3771.24651144091
MUSE_nHIPPOL,84.29158000000001,2223.20648031791,2391.5275340609,2673.0767873641503,2986.28761214615,3299.8673505744896,3582.38575831351,3751.5824084550104
MUSE_nHIPPOL,85.29158000000001,2203.38359415377,2373.77409179597,2657.49167028831,2971.4083642373303,3284.0932881294298,3564.5708973797296,3732.0290132684495
MUSE_nHIPPOL,86.29158000000001,2183.48272622037,2356.02264315187,2641.97056211183,2956.6069045460104,3268.39611657852,3546.8448197745597,3712.5841777332794
MUSE_nHIPPOL,87.29158000000001,2163.49512173435,2338.26896637025,2626.51163611226,2941.88155549209,3252.77404307384,3529.2056011034297,3693.2456661444503
MUSE_nHIPPOL,88.29158000000001,2143.4117134255603,2320.50888446435,2611.11326134418,2927.23086694217,3237.2255311371196,3511.65160090445,3674.01154770584
MUSE_nHIPPOL,89.29158000000001,2123.2231867050896,2302.73832132906,2595.77404043698,2912.6536451460197,3221.74932688044,3494.1814879390504,3654.88022136707
MUSE_nHIPPOL,90.29158000000001,2102.92016803117,2284.95342181906,2580.49286346697,2898.14897089668,3206.34445655412,3476.7942237849898,3635.85039194741
MUSE_nHIPPOL,91.29158000000001,2082.4937753355603,2267.15097807121,2565.26925524589,2883.7165347302503,3191.0105755857103,3459.4894315679103,3616.9214519047296
MUSE_nHIPPOL,92.29158000000001,2061.93589195375,2249.32842389301,2550.10314442905,2869.3562858254,3175.74754098685,3442.2669129603496,3598.09296804802
MUSE_nHIPPOL,93.29158000000001,2041.23997700018,2231.48426575677,2534.99503247276,2855.0684977998103,3160.5554341492602,3425.1266502145195,3579.3646748806395
MUSE_nHIPPOL,94.29158000000001,2020.4020899483899,2213.61861082499,2519.94619367946,2840.8538467500102,3145.4345914543896,3408.06881576045,3560.7364760604496
MUSE_nHIPPOL,95.29158000000001,1999.4220458045602,2195.7337150769,2504.95882152482,2826.7133971587896,3130.3855157766698,3391.09364189908,3542.20829438034
MUSE_nHIPPOR,50.291579999999996,2530.4225476218803,2693.4642756815197,2965.8998545773998,3268.59556184819,3571.2912691189795,3843.72684801486,4006.76857607451
MUSE_nHIPPOR,51.291579999999996,2518.50219364429,2681.03406087688,2952.6176846860103,3254.36680800255,3556.11593131909,3827.6995551282203,3990.23142236081
MUSE_nHIPPOR,52.291579999999996,2506.5754374970998,2668.59864772399,2939.33232797905,3240.1371023002002,3540.9418766213503,3811.6755568764097,3973.6987671033003
MUSE_nHIPPOR,53.29158,2494.6429186812898,2656.15835166209,2926.0435584028196,3225.9056170494605,3525.7676756961,3795.6528824368297,3957.1683154176294
MUSE_nHIPPOR,54.29158,2482.7053444254398,2643.713524803,2912.7511346846004,3211.6714516843,3510.5917686840003,3779.6293785656,3940.63755894315
MUSE_nHIPPOR,55.29158,2470.76350991627,2631.26458661498,2899.45484848357,3197.4337003224396,3495.4125521613105,3763.6028140299104,3924.10389072861
MUSE_nHIPPOR,56.29158,2458.82091848947,2618.81403657195,2886.15552186466,3183.19132130563,3480.22712074659,3747.5686060393105,3907.5617241217797
MUSE_nHIPPOR,57.29158,2446.8830062236802,2606.3658655397603,2872.85473080652,3168.9432074975202,3465.03168418852,3731.5205494552797,3891.00340877136
MUSE_nHIPPOR,58.29158,2434.9589093242103,2593.9268384287698,2859.55527788959,3154.68775904235,3449.82024019511,3715.44867965594,3874.4166087605
MUSE_nHIPPOR,59.29158,2423.06140500627,2581.50644812874,2846.26116803985,3140.42288333989,3434.58459863992,3699.3393185510295,3857.7843616735
MUSE_nHIPPOR,60.29158,2411.1993156817102,2569.11103073436,2832.9745828249797,3126.1461459766997,3419.31770912843,3683.18126121905,3841.0929762716996
MUSE_nHIPPOR,61.29158,2399.37275239068,2556.73997905726,2819.69371492828,3111.8544062063897,3404.0150974845,3666.96883335552,3824.3360600221004
MUSE_nHIPPOR,62.29158,2387.57838973598,2544.3901189938,2806.41564305098,3097.5450236147303,3388.67440417849,3650.69992823567,3807.5116574934796
MUSE_nHIPPOR,63.29158,2375.80059075585,2532.04940744875,2793.1343292912798,3083.21863250583,3373.3029357203804,3634.3878575629205,3790.63667425581
MUSE_nHIPPOR,64.29158000000001,2364.0193844892397,2519.7027033816003,2779.84270319414,3068.87712943101,3357.9115556678803,3618.0515554804206,3773.7348743727794
MUSE_nHIPPOR,65.29158000000001,2352.20939147553,2507.33114981922,2766.532806577,3054.52466555531,3342.51652453362,3601.7181812914,3756.8399396351
MUSE_nHIPPOR,66.29158000000001,2340.3411227866,2494.91309785767,2753.19609087257,3040.1672477365505,3327.1384046005296,3585.4213976154206,3739.9933726864897
MUSE_nHIPPOR,67.29158000000001,2328.39111853325,2482.4324149026897,2739.82866707519,3025.81459048494,3311.80051389468,3569.1967660671794,3723.2380624366206
MUSE_nHIPPOR,68.29158000000001,2316.3467533168,2469.8828943033104,2726.43505397987,3011.48312934458,3296.5312047092893,3553.08336438585,3706.6195053723604
MUSE_nHIPPOR,69.29158000000001,2304.19854742219,2457.26116918391,2713.02209899766,2997.19106054065,3281.36002208364,3537.12095189739,3690.18357365911
MUSE_nHIPPOR,70.29158000000001,2291.94493636281,2444.57108039177,2699.60267505179,2982.96129228847,3266.3199095251503,3521.35150418517,3673.9776482141297
MUSE_nHIPPOR,71.29158000000001,2279.5868709862802,2431.81857987143,2686.1910907004503,2968.8174179506896,3251.44374520093,3505.8162560299497,3658.04796491509
MUSE_nHIPPOR,72.29158000000001,2267.12749843234,2419.00953159349,2672.79774961952,2954.77488514534,3236.75202067116,3490.54023869719,3642.4222718583396
MUSE_nHIPPOR,73.29158000000001,2254.5712153004897,2406.14953441397,2659.43025958293,2940.8435337000105,3222.2568078171003,3475.53753298605,3627.1158520995295
MUSE_nHIPPOR,74.29158000000001,2241.91533861579,2393.23787475633,2646.0911977925102,2927.0295971102196,3207.96799642794,3460.82131946412,3612.14385560466
MUSE_nHIPPOR,75.29158000000001,2229.14627811531,2380.26414601856,2632.77547740405,2913.3338991688897,3193.89232093373,3446.40365231922,3597.52152022247
MUSE_nHIPPOR,76.29158000000001,2216.25254921666,2367.2196273837803,2619.4789957317003,2899.75746826901,3180.03594080632,3432.29530915424,3583.2623873213597
MUSE_nHIPPOR,77.29158000000001,2203.23431444601,2354.10522453629,2606.2039002443803,2886.30383159237,3166.40376294036,3418.5024386484497,3569.37334873873
MUSE_nHIPPOR,78.29158000000001,2190.0953755832898,2340.92470700864,2592.9539065906797,2872.97664491859,3152.9993832465,3405.0285828285305,3555.8579142538792
MUSE_nHIPPOR,79.29158000000001,2176.85048003775,2327.68937152276,2579.7345455453,2859.77503263639,3139.81551972747,3391.8606937500203,3542.69958523502
MUSE_nHIPPOR,80.29158000000001,2163.52066435697,2314.4148426790603,2566.55239858228,2846.69552864982,3126.8386587173604,3378.97621462058,3529.87039294267
MUSE_nHIPPOR,81.29158000000001,2150.13076628525,2301.11976499091,2553.4157615976,2833.73493078966,3114.05409998172,3366.35009658841,3517.33909529407
MUSE_nHIPPOR,82.29158000000001,2136.71061591507,2287.8267574801002,2540.33520423014,2820.8904209555603,3101.4456376809803,3353.95408443101,3505.07022599605
MUSE_nHIPPOR,83.29158000000001,2123.28875639031,2274.55740727596,2527.3206904138397,2808.1590488675606,3088.99740732127,3341.76069045915,3493.0293413448
MUSE_nHIPPOR,84.29158000000001,2109.8887498309,2261.32931285952,2514.3798536507,2795.5373762124395,3076.6948987741803,3329.74543956535,3481.18600259398
MUSE_nHIPPOR,85.29158000000001,2096.53245275987,2248.15847753425,2501.51891677089,2783.0207590045,3064.5226012381104,3317.8830404747496,3469.50906524914
MUSE_nHIPPOR,86.29158000000001,2083.23528510588,2235.05392104581,2488.73620509488,2770.59564028139,3052.45507546789,3306.1373595169603,3457.9559954568895
MUSE_nHIPPOR,87.29158000000001,2070.0092593992604,2222.02105635192,2476.02610398397,2758.24415294415,3040.46220190432,3294.4672495363698,3446.47904648903
MUSE_nHIPPOR,88.29158000000001,2056.85543186112,2209.05659886763,2463.3780755565804,2745.94770017208,3028.51732478757,3282.83880147653,3435.0399684830395
MUSE_nHIPPOR,89.29158000000001,2043.76273073117,2196.14764538218,2450.77615632852,2733.68691829499,3016.5976802614696,3271.22619120781,3423.6111058588203
MUSE_nHIPPOR,90.29158000000001,2030.71969073621,2183.2816401993,2438.20596855441,2721.4454051386897,3004.6848417229603,3259.6091700780703,3412.1711195411604
MUSE_nHIPPOR,91.29158000000001,2017.7153602685,2170.44812259329,2425.65787175088,2709.21443156857,2992.7709913862604,3247.98074054385,3400.71350286865
MUSE_nHIPPOR,92.29158000000001,2004.73906930231,2157.63727220926,2413.12346532576,2696.98717445193,2980.8508835781,3236.3370766946,3389.2352796015502
MUSE_nHIPPOR,93.29158000000001,1991.7813610005899,2144.84108132212,2400.5971629565197,2684.76073782028,2968.9243126840397,3224.6803943184495,3377.7401146399798
MUSE_nHIPPOR,94.29158000000001,1978.83345209816,2132.0524491941896,2388.07467533516,2672.53395606809,2956.99323680102,3213.01546294199,3366.23446003801
MUSE_nHIPPOR,95.29158000000001,1965.8897166927102,2119.2669045957896,2375.55346063936,2660.30643108471,2945.0594015300703,3201.3459575736306,3354.72314547671
